1577923200,330.0,334.4800109863281,329.1700134277344,334.42999267578125,1990100
1578009600,329.1700134277344,332.9800109863281,328.69000244140625,331.80999755859375,1577600
1578268800,328.2900085449219,333.9100036621094,328.19000244140625,333.7099914550781,1874700
1578355200,334.1499938964844,334.7900085449219,332.30999755859375,333.3900146484375,2500800
1578441600,333.80999755859375,339.2300109863281,333.3999938964844,337.8699951171875,2248500
1578528000,340.1400146484375,341.80999755859375,338.19000244140625,340.45001220703125,1626300
1578614400,342.04998779296875,343.3599853515625,339.6199951171875,339.80999755859375,1480400
1578873600,341.5400085449219,345.7300109863281,341.2200012207031,345.6300048828125,2069200
1578960000,347.010009765625,347.2699890136719,343.1499938964844,344.6300048828125,2274400
1579046400,346.4200134277344,347.5,342.4599914550781,342.94000244140625,2213300
1579132800,345.9800109863281,345.989990234375,342.760009765625,345.3800048828125,2439600
1579219200,349.0,349.95001220703125,346.3800048828125,349.739990234375,2536100
1579564800,346.3699951171875,352.3699951171875,345.6199951171875,350.0,2121200
1579651200,352.6000061035156,354.2799987792969,349.9599914550781,350.05999755859375,1600300
1579737600,351.0199890136719,352.1600036621094,347.8500061035156,351.760009765625,2084400
1579824000,354.1000061035156,355.69000244140625,349.20001220703125,351.3699951171875,1640200
1580083200,341.0400085449219,349.8999938964844,340.3999938964844,346.8999938964844,2652000
1580169600,349.0,355.6600036621094,347.1199951171875,354.6300048828125,2270800
1580256000,356.70001220703125,356.70001220703125,351.3599853515625,351.6600036621094,1521300
1580342400,349.69000244140625,356.82000732421875,349.69000244140625,356.739990234375,1834900
1580428800,355.8399963378906,355.8399963378906,348.29998779296875,351.1400146484375,3692900
1580688000,353.4100036621094,358.6700134277344,352.2900085449219,358.0,2693800
1580774400,363.42999267578125,367.44000244140625,360.45001220703125,366.739990234375,3053000
1580860800,373.989990234375,374.4800109863281,362.30999755859375,365.54998779296875,2463400
1580947200,366.1600036621094,368.25,363.010009765625,367.4599914550781,2224500
1581033600,366.0,369.3399963378906,364.3800048828125,366.0899963378906,2092700
1581292800,365.44000244140625,370.80999755859375,365.2200012207031,370.0,2426800
1581379200,373.0299987792969,373.70001220703125,367.25,369.2799987792969,2004700
1581465600,370.6400146484375,374.42999267578125,367.1499938964844,374.2900085449219,2355600
1581552000,372.55999755859375,377.7099914550781,372.3900146484375,374.8399963378906,1917100
1581638400,376.2799987792969,379.8299865722656,375.8500061035156,379.6700134277344,1690300
1581984000,380.20001220703125,382.5899963378906,378.5899963378906,378.8500061035156,2074400
1582070400,383.8299865722656,385.0,381.4800109863281,383.2799987792969,2580400
1582156800,384.0,386.75,373.4800109863281,378.9599914550781,3789300
1582243200,378.0199890136719,378.3399963378906,368.75,372.95001220703125,2742800
1582502400,355.3900146484375,363.4599914550781,349.0,357.4100036621094,3924000
1582588800,361.0,363.9700012207031,346.2799987792969,347.79998779296875,4188100
1582675200,349.3999938964844,360.07000732421875,348.6000061035156,351.3399963378906,3489700
1582761600,340.0,352.239990234375,337.2699890136719,337.5199890136719,4737700
1582848000,324.4200134277344,345.4599914550781,324.0,345.1199951171875,6463400
1583107200,349.80999755859375,360.75,342.6099853515625,360.2799987792969,5398100
1583193600,361.760009765625,364.95001220703125,344.0400085449219,348.3399963378906,4204500
1583280000,354.3800048828125,364.2699890136719,350.0799865722656,363.8500061035156,4146300
1583366400,355.05999755859375,360.45001220703125,347.19000244140625,351.0299987792969,3199000
1583452800,340.45001220703125,344.1600036621094,326.6000061035156,336.7699890136719,5622900
1583712000,311.67999267578125,322.44000244140625,305.3299865722656,305.7900085449219,5291900
1583798400,318.9800109863281,332.94000244140625,309.30999755859375,332.3800048828125,5973700
1583884800,324.32000732421875,326.3599853515625,309.0,315.2300109863281,4869200
1583971200,290.4100036621094,310.1300048828125,283.0,285.0,7230200
1584057600,312.8800048828125,336.0,298.0,335.5,8935200
1584316800,288.3599853515625,307.1099853515625,283.25,286.0299987792969,7140100
1584403200,291.20001220703125,312.95001220703125,278.3500061035156,311.80999755859375,6189100
1584489600,290.0,296.8699951171875,255.1300048828125,294.6099853515625,7293300
1584576000,291.7699890136719,318.7099914550781,281.1000061035156,307.510009765625,6023800
1584662400,312.9200134277344,324.79998779296875,293.7699890136719,295.3399963378906,7461800
1584921600,296.6700134277344,312.489990234375,287.7799987792969,307.2699890136719,6016800
1585008000,322.9599914550781,326.989990234375,301.5899963378906,310.0,6592200
1585094400,308.0,317.6499938964844,298.1300048828125,305.9100036621094,4830400
1585180800,305.989990234375,324.42999267578125,305.69000244140625,322.6700134277344,4531000
1585267200,311.70001220703125,314.2900085449219,300.6300048828125,305.8299865722656,4862100
1585526400,308.8900146484375,322.9700012207031,308.010009765625,318.3900146484375,4340200
1585612800,316.4100036621094,326.3299865722656,312.67999267578125,318.239990234375,6413700
1585699200,307.0,309.6099853515625,298.32000732421875,301.2099914550781,3903000
1585785600,297.760009765625,306.5,293.17999267578125,303.9599914550781,3589700
1585872000,302.05999755859375,303.4700012207031,289.7099914550781,293.6099853515625,3934700
1586131200,306.55999755859375,320.510009765625,299.9599914550781,319.1300048828125,5145100
1586217600,327.4100036621094,328.32000732421875,306.29998779296875,308.92999267578125,5422300
1586304000,313.8800048828125,317.7200012207031,308.20001220703125,317.17999267578125,4002500
1586390400,318.6499938964844,320.7799987792969,310.7900085449219,318.70001220703125,3290200
1586736000,315.94000244140625,320.8999938964844,313.75,320.6499938964844,1839000
1586822400,328.7699890136719,342.1000061035156,328.4700012207031,340.7699890136719,3858900
1586908800,335.3399963378906,339.2200012207031,329.6499938964844,332.54998779296875,2818600
1586995200,339.7099914550781,345.5199890136719,336.0400085449219,342.70001220703125,3918600
1587081600,350.0899963378906,350.3800048828125,340.5,344.1099853515625,3342400
1587340800,340.7900085449219,348.5,338.75,344.8800048828125,2772000
1587427200,340.8999938964844,342.760009765625,325.2099914550781,328.989990234375,3548200
1587513600,337.4100036621094,339.3800048828125,332.79998779296875,336.7699890136719,2231500
1587600000,338.8999938964844,341.75,334.79998779296875,335.3699951171875,2120300
1587686400,338.0,344.70001220703125,333.5,344.1000061035156,2143900
1587945600,348.79998779296875,349.9599914550781,345.1199951171875,348.5,2375200
1588032000,353.0899963378906,353.45001220703125,332.57000732421875,333.45001220703125,3895600
1588118400,339.5299987792969,351.25,335.44000244140625,349.1700134277344,5006400
1588204800,348.010009765625,356.2300109863281,346.54998779296875,353.6400146484375,3902200
1588291200,347.239990234375,350.30999755859375,340.260009765625,343.8399963378906,2578600
1588550400,340.739990234375,350.6000061035156,340.0,349.1099853515625,2372000
1588636800,353.3800048828125,359.70001220703125,352.3900146484375,356.1300048828125,2377400
1588723200,357.9200134277344,366.7900085449219,357.1300048828125,362.5199890136719,2319700
1588809600,368.82000732421875,369.5,365.5,366.7799987792969,2465200
1588896000,370.0,371.1000061035156,365.4100036621094,367.510009765625,2547200
1589155200,365.8399963378906,373.6300048828125,364.5,371.4200134277344,2266200
1589241600,371.4599914550781,372.7200012207031,364.54998779296875,365.1000061035156,2071800
1589328000,366.45001220703125,367.42999267578125,352.7099914550781,358.55999755859375,3365500
1589414400,354.0,357.0,348.010009765625,355.3900146484375,2752000
1589500800,351.57000732421875,365.4800109863281,351.5299987792969,365.29998779296875,2626600
1589760000,371.5899963378906,375.489990234375,367.2099914550781,367.9700012207031,2351900
1589846400,369.8800048828125,376.0,368.8900146484375,372.20001220703125,2753700
1589932800,377.2099914550781,384.3999938964844,377.05999755859375,383.6300048828125,2824700
1590019200,382.0,385.1199951171875,380.6000061035156,382.1700134277344,2261100
1590105600,381.3900146484375,386.5199890136719,380.95001220703125,385.260009765625,1688200
1590451200,391.0,391.2699890136719,374.80999755859375,376.6300048828125,3526000
1590537600,373.239990234375,375.70001220703125,361.44000244140625,375.1700134277344,3553300
1590624000,372.5,386.8999938964844,372.5,379.8299865722656,2903600
1590710400,382.6199951171875,389.04998779296875,377.0799865722656,386.6000061035156,5892000
1590969600,387.0799865722656,389.989990234375,382.8999938964844,389.67999267578125,2034100
1591056000,389.9200134277344,390.9100036621094,382.0299987792969,390.44000244140625,2509600
1591142400,390.82000732421875,391.1400146484375,387.4599914550781,389.9200134277344,2537100
1591228800,389.5,395.7200012207031,382.2799987792969,385.79998779296875,2422600
1591315200,384.6400146484375,396.1700134277344,382.0,392.8999938964844,2793700
1591574400,391.0,398.1000061035156,385.8399963378906,397.7799987792969,2593000
1591660800,397.0299987792969,402.30999755859375,394.1499938964844,397.1600036621094,2279300
1591747200,399.5899963378906,409.9800109863281,399.489990234375,406.82000732421875,3611600
1591833600,400.0,404.20001220703125,387.3699951171875,387.6700134277344,4123700
1591920000,409.29998779296875,411.7200012207031,395.4100036621094,406.5400085449219,8332600
1592179200,398.79998779296875,406.1099853515625,397.0,401.3399963378906,3781500
1592265600,407.8299865722656,414.67999267578125,405.4800109863281,411.6700134277344,3764400
1592352000,414.0,417.4599914550781,411.3599853515625,413.489990234375,2112300
1592438400,413.5,420.8399963378906,413.0,420.4599914550781,2578400
1592524800,423.760009765625,429.2699890136719,419.6499938964844,428.010009765625,3931600
1592784000,428.9599914550781,438.95001220703125,428.5400085449219,438.6400146484375,3156300
1592870400,440.07000732421875,446.1499938964844,436.010009765625,440.54998779296875,3065900
1592956800,440.0,442.6700134277344,427.4700012207031,431.67999267578125,3329400
1593043200,430.010009765625,437.989990234375,427.5799865722656,436.95001220703125,2275200
1593129600,436.0,438.17999267578125,424.7099914550781,426.9200134277344,3829700
1593388800,427.1099853515625,428.4800109863281,416.0299987792969,424.20001220703125,2623900
1593475200,426.67999267578125,436.9100036621094,423.8599853515625,435.30999755859375,2944700
1593561600,434.79998779296875,442.04998779296875,433.6199951171875,439.80999755859375,2581700
1593648000,445.0,448.1600036621094,441.3599853515625,442.95001220703125,2503000
1593993600,448.0,455.5299987792969,444.69000244140625,452.5899963378906,2761200
1594080000,452.5899963378906,459.44000244140625,448.7200012207031,449.3599853515625,2684600
1594166400,453.760009765625,458.239990234375,452.0,457.67999267578125,1999200
1594252800,460.44000244140625,463.79998779296875,451.8800048828125,460.8399963378906,2269800
1594339200,460.8299865722656,467.2099914550781,455.4800109863281,466.20001220703125,3676200
1594598400,469.7699890136719,470.6099853515625,440.6400146484375,442.4700012207031,3480700
1594684800,435.739990234375,437.2099914550781,416.2900085449219,433.7799987792969,5666700
1594771200,434.9100036621094,439.6300048828125,428.7300109863281,433.010009765625,2566200
1594857600,428.42999267578125,430.5899963378906,418.510009765625,426.2900085449219,2677700
1594944000,428.1199951171875,433.5,423.70001220703125,432.4200134277344,2568200
1595203200,434.05999755859375,456.8900146484375,433.0,455.2699890136719,3512500
1595289600,456.07000732421875,456.989990234375,441.75,444.2799987792969,2027600
1595376000,447.54998779296875,449.3699951171875,441.760009765625,445.04998779296875,1400300
1595462400,445.0400085449219,448.80999755859375,430.29998779296875,431.739990234375,2313900
1595548800,425.0,435.0,423.44000244140625,430.30999755859375,1900800
1595808000,431.7699890136719,438.3599853515625,431.010009765625,437.1000061035156,1622000
1595894400,436.8299865722656,438.260009765625,431.3299865722656,432.260009765625,1463400
1595980800,435.1600036621094,440.4800109863281,435.0400085449219,436.29998779296875,1489300
1596067200,429.9800109863281,440.5,426.80999755859375,438.8800048828125,1449000
1596153600,441.9800109863281,444.44000244140625,434.79998779296875,444.32000732421875,2034000
1596412800,449.8399963378906,450.739990234375,442.2799987792969,447.9700012207031,2075200
1596499200,448.260009765625,449.0799865722656,440.70001220703125,446.9200134277344,2622600
1596585600,449.0899963378906,454.0400085449219,446.3500061035156,449.510009765625,2353100
1596672000,451.3500061035156,464.3699951171875,449.1300048828125,464.1099853515625,2362000
1596758400,460.8699951171875,461.7900085449219,445.0899963378906,449.57000732421875,3289700
1597017600,450.3699951171875,451.1300048828125,436.5,443.2900085449219,1836800
1597104000,440.260009765625,444.4800109863281,431.5899963378906,435.2300109863281,1900200
1597190400,437.3699951171875,447.92999267578125,437.3699951171875,445.3599853515625,2223700
1597276800,446.07000732421875,455.8999938964844,446.07000732421875,450.0199890136719,2028000
1597363200,451.3900146484375,452.80999755859375,444.42999267578125,447.6000061035156,1111000
1597622400,450.0,456.1000061035156,449.20001220703125,451.5799865722656,1555700
1597708800,454.7900085449219,464.5,452.8399963378906,463.510009765625,2097700
1597795200,464.2900085449219,468.1099853515625,457.5899963378906,462.010009765625,2439200
1597881600,460.989990234375,479.79998779296875,458.8900146484375,478.4800109863281,2485000
1597968000,477.0899963378906,477.2799987792969,470.3399963378906,473.2200012207031,2645600
1598227200,478.1400146484375,480.0199890136719,469.5199890136719,476.29998779296875,1840500
1598313600,476.6700134277344,484.6499938964844,474.42999267578125,484.42999267578125,3967400
1598400000,496.95001220703125,533.7000122070312,492.2300109863281,528.489990234375,7780300
1598486400,519.010009765625,523.3200073242188,504.4599914550781,510.32000732421875,3631800
1598572800,512.3300170898438,518.7999877929688,510.94000244140625,516.4400024414062,1926300
1598832000,513.8599853515625,516.72998046875,507.7699890136719,513.3900146484375,2346700
1598918400,515.0,528.5399780273438,514.47998046875,527.9500122070312,2404000
1599004800,536.25,536.8800048828125,521.4099731445312,533.7999877929688,2783400
1599091200,526.0399780273438,527.6300048828125,493.4200134277344,507.79998779296875,5837600
1599177600,504.6499938964844,511.3500061035156,471.7099914550781,491.94000244140625,3900300
1599523200,471.8900146484375,481.4800109863281,461.17999267578125,462.1300048828125,4533100
1599609600,473.9100036621094,483.489990234375,462.4800109863281,479.4599914550781,3312100
1599696000,491.1499938964844,501.8500061035156,473.5,476.260009765625,4248100
1599782400,487.0799865722656,489.4100036621094,464.4800109863281,471.3500061035156,4414200
1600041600,484.989990234375,490.44000244140625,476.8699951171875,485.9100036621094,4463800
1600128000,493.739990234375,499.69000244140625,491.489990234375,497.6700134277344,5682400
1600214400,505.5,505.5,475.5,476.0,8462600
1600300800,464.44000244140625,475.1700134277344,460.5,474.29998779296875,4560800
1600387200,477.3999938964844,478.3399963378906,452.5199890136719,467.54998779296875,7182300
1600646400,460.30999755859375,475.8599853515625,456.7300109863281,475.6400146484375,3913700
1600732800,479.30999755859375,487.20001220703125,469.55999755859375,486.7799987792969,2629100
1600819200,486.8800048828125,488.0,468.2300109863281,470.3900146484375,2671300
1600905600,466.92999267578125,471.42999267578125,460.2699890136719,467.6700134277344,2838800
1600992000,469.2300109863281,481.5799865722656,466.010009765625,479.7799987792969,2541100
1601251200,487.9700012207031,489.3900146484375,481.17999267578125,488.510009765625,2844800
1601337600,489.94000244140625,493.45001220703125,484.1700134277344,489.3299865722656,2030400
1601424000,488.1300048828125,497.239990234375,486.2200012207031,490.42999267578125,3508200
1601510400,497.42999267578125,501.5,495.760009765625,499.510009765625,2264600
1601596800,487.989990234375,496.7799987792969,478.6400146484375,478.989990234375,2780900
1601856000,483.25,486.69000244140625,478.989990234375,486.4700012207031,1984100
1601942400,485.0,491.510009765625,477.5,478.9800109863281,2041500
1602028800,484.3500061035156,493.9800109863281,481.42999267578125,493.1499938964844,2025800
1602115200,499.04998779296875,499.489990234375,487.55999755859375,490.8399963378906,1590700
1602201600,491.7699890136719,502.1700134277344,491.17999267578125,502.1600036621094,1853800
1602460800,508.260009765625,516.0,499.5400085449219,510.8900146484375,3149700
1602547200,512.1900024414062,519.5999755859375,511.8999938964844,514.3099975585938,2438100
1602633600,514.3400268554688,516.9500122070312,501.6000061035156,506.30999755859375,2032900
1602720000,499.260009765625,502.5,491.8500061035156,501.1499938964844,2042800
1602806400,504.0,510.3399963378906,500.70001220703125,502.82000732421875,2441200
1603065600,507.75,507.75,493.20001220703125,495.20001220703125,1931400
1603152000,495.25,500.1700134277344,491.9100036621094,494.5799865722656,1453900
1603238400,492.04998779296875,499.80999755859375,490.57000732421875,495.9599914550781,1369700
1603324800,496.7200012207031,496.8599853515625,479.3999938964844,483.6000061035156,2613700
1603411200,486.4100036621094,488.510009765625,479.510009765625,488.5,1899300
1603670400,480.8800048828125,488.7799987792969,470.1300048828125,475.20001220703125,2337400
1603756800,479.7799987792969,481.8900146484375,473.4700012207031,478.55999755859375,1896500
1603843200,469.1700134277344,470.9700012207031,455.8800048828125,456.9700012207031,2677300
1603929600,459.32000732421875,464.7300109863281,457.2799987792969,461.1099853515625,2125300
1604016000,458.32000732421875,459.5,442.510009765625,447.1000061035156,3127000
1604275200,451.0,456.19000244140625,438.94000244140625,444.94000244140625,2479000
1604361600,448.989990234375,457.8399963378906,445.6700134277344,454.0199890136719,1758600
1604448000,477.92999267578125,494.94000244140625,474.4700012207031,487.2300109863281,4524300
1604534400,499.2699890136719,502.5299987792969,489.79998779296875,496.4700012207031,2401000
1604620800,494.95001220703125,498.7200012207031,483.0,494.6300048828125,1956300
1604880000,494.70001220703125,499.4100036621094,470.760009765625,471.1400146484375,3625300
1604966400,466.7200012207031,468.010009765625,446.0,452.0,4920300
1605052800,458.489990234375,470.1199951171875,457.5,467.75,2634200
1605139200,473.489990234375,474.92999267578125,461.1499938964844,462.5799865722656,2115000
1605225600,467.45001220703125,470.6000061035156,459.0,469.3399963378906,2965600
1605484800,460.42999267578125,469.5299987792969,458.25,460.95001220703125,2522200
1605571200,461.6600036621094,469.9100036621094,460.0,467.95001220703125,2407600
1605657600,466.7099914550781,467.8999938964844,459.260009765625,459.4700012207031,2063200
1605744000,460.0,471.0400085449219,459.260009765625,466.4100036621094,3132700
1605830400,465.1600036621094,470.0,462.3599853515625,462.9200134277344,1849900
1606089600,464.6300048828125,467.0,456.1700134277344,460.6099853515625,2370000
1606176000,461.4100036621094,464.489990234375,456.67999267578125,462.70001220703125,2584900
1606262400,466.2900085449219,472.5299987792969,464.8500061035156,470.0799865722656,2634500
1606435200,476.8999938964844,482.4100036621094,474.8599853515625,477.0299987792969,1815500
1606694400,480.0,480.8599853515625,469.20001220703125,478.4700012207031,2787000
1606780800,482.010009765625,482.010009765625,471.6300048828125,479.1499938964844,2531100
1606867200,475.6700134277344,481.32000732421875,470.1199951171875,481.260009765625,2107100
1606953600,482.2099914550781,492.80999755859375,481.5,484.2799987792969,3062700
1607040000,485.6700134277344,491.3900146484375,484.3599853515625,486.0,2749800
1607299200,487.0,499.2900085449219,487.0,492.25,3441700
1607385600,492.2900085449219,496.0400085449219,486.20001220703125,495.2799987792969,2175700
1607472000,496.0299987792969,497.0,479.260009765625,483.739990234375,3449100
1607558400,483.739990234375,488.2900085449219,470.95001220703125,476.8699951171875,3922000
1607644800,475.9800109863281,478.8900146484375,468.82000732421875,475.9100036621094,3561300
1607904000,475.6099853515625,488.4100036621094,475.5,486.4200134277344,3945200
1607990400,489.04998779296875,489.5,480.5299987792969,482.6400146484375,2558600
1608076800,485.0,491.5,484.1099853515625,489.8999938964844,2555600
1608163200,493.0,496.989990234375,490.6300048828125,495.3599853515625,2178400
1608249600,497.6099853515625,504.07000732421875,493.57000732421875,502.95001220703125,4667400
1608508800,498.04998779296875,502.0,491.5,498.3900146484375,2412900
1608595200,498.3599853515625,506.9200134277344,495.8299865722656,504.1700134277344,1701500
1608681600,505.1300048828125,505.4599914550781,496.5899963378906,496.9100036621094,1428300
1608768000,499.1600036621094,503.010009765625,497.2799987792969,499.8599853515625,589200
1609113600,505.6099853515625,506.0400085449219,496.82000732421875,498.95001220703125,1515400
1609200000,501.1700134277344,505.3500061035156,499.739990234375,502.1099853515625,1434100
1609286400,503.04998779296875,504.3699951171875,496.3299865722656,497.45001220703125,1529900
1609372800,497.989990234375,500.6600036621094,494.8900146484375,500.1199951171875,1462100
1609718400,500.29998779296875,500.7900085449219,476.2799987792969,485.3399963378906,3612900
1609804800,485.8800048828125,486.0799865722656,479.20001220703125,485.69000244140625,2010100
1609891200,474.1000061035156,475.8699951171875,466.0,466.30999755859375,4156600
1609977600,471.0,479.6400146484375,468.25,477.739990234375,2901200
1610064000,480.0,485.5400085449219,477.2099914550781,485.1000061035156,2266100
1610323200,481.989990234375,482.5899963378906,471.29998779296875,474.239990234375,2382400
1610409600,474.4100036621094,475.0,464.0,471.6499938964844,2964900
1610496000,472.0,477.8500061035156,469.29998779296875,472.04998779296875,2105900
1610582400,472.4100036621094,473.54998779296875,462.20001220703125,463.2699890136719,3508300
1610668800,462.5,467.8800048828125,457.489990234375,458.0799865722656,3200400
1611014400,461.1700134277344,461.5899963378906,453.3399963378906,456.5,4419200
1611100800,462.7300109863281,472.3900146484375,458.7699890136719,469.7300109863281,3859000
1611187200,470.260009765625,474.69000244140625,466.1000061035156,472.0199890136719,2768700
1611273600,472.5,476.3500061035156,470.6099853515625,472.44000244140625,2534300
1611532800,474.510009765625,477.70001220703125,463.9800109863281,473.44000244140625,2697400
1611619200,473.7300109863281,477.2200012207031,467.760009765625,476.2799987792969,2363100
1611705600,470.989990234375,473.6700134277344,455.07000732421875,460.0,3586400
1611792000,459.07000732421875,475.0199890136719,459.07000732421875,465.6700134277344,3000700
1611878400,462.1700134277344,465.0,455.1099853515625,458.7699890136719,3061100
1612137600,462.2799987792969,474.79998779296875,459.82000732421875,470.0,2554800
1612224000,473.6499938964844,487.3699951171875,472.54998779296875,484.92999267578125,3022000
1612310400,487.0899963378906,488.8500061035156,479.1700134277344,481.9200134277344,2146900
1612396800,484.2200012207031,489.8800048828125,481.9200134277344,489.3800048828125,2005100
1612483200,490.9200134277344,495.1000061035156,488.0,492.1199951171875,1675000
1612742400,494.260009765625,497.8599853515625,489.2099914550781,493.760009765625,1727000
1612828800,495.0,497.95001220703125,492.010009765625,496.04998779296875,1571500
1612915200,499.1700134277344,499.989990234375,490.2699890136719,492.6700134277344,1764500
1613001600,494.5299987792969,497.0,491.0799865722656,496.6199951171875,1609800
1613088000,495.1600036621094,499.3599853515625,491.760009765625,498.8399963378906,1450600
1613433600,500.0299987792969,506.510009765625,497.6000061035156,501.6400146484375,1845900
1613520000,495.4100036621094,495.54998779296875,485.510009765625,491.2300109863281,2112000
1613606400,486.32000732421875,489.79998779296875,480.0,488.3699951171875,1803200
1613692800,487.1600036621094,488.6499938964844,476.1000061035156,479.1199951171875,2720700
1613952000,470.4800109863281,472.1000061035156,466.6600036621094,467.3299865722656,2510500
1614038400,461.0199890136719,471.44000244140625,450.1199951171875,467.79998779296875,4164300
1614124800,463.489990234375,477.3500061035156,460.2900085449219,476.6199951171875,3390600
1614211200,471.239990234375,476.30999755859375,456.010009765625,459.1600036621094,3252500
1614297600,462.79998779296875,467.32000732421875,456.010009765625,459.6700134277344,3154500
1614556800,465.67999267578125,470.5,462.6499938964844,469.57000732421875,2358600
1614643200,473.0299987792969,473.79998779296875,463.4599914550781,466.5899963378906,2211000
1614729600,463.2200012207031,464.67999267578125,448.0899963378906,448.45001220703125,2808100
1614816000,446.45001220703125,457.5299987792969,437.6300048828125,439.05999755859375,4486400
1614902400,444.8800048828125,444.95001220703125,423.7099914550781,440.8299865722656,4615000
1615161600,439.760009765625,440.989990234375,420.7799987792969,421.20001220703125,3885100
1615248000,437.8399963378906,442.75,436.0,439.17999267578125,3926400
1615334400,445.7300109863281,448.4599914550781,436.82000732421875,437.010009765625,2747300
1615420800,448.1400146484375,454.07000732421875,447.30999755859375,451.05999755859375,2762200
1615507200,443.45001220703125,445.8900146484375,438.6000061035156,444.29998779296875,2183100
1615766400,444.3999938964844,447.7900085449219,437.7699890136719,447.5899963378906,2508400
1615852800,452.010009765625,457.4100036621094,449.6700134277344,450.5400085449219,2618800
1615939200,445.44000244140625,453.94000244140625,441.0199890136719,451.010009765625,2502700
1616025600,443.1600036621094,446.8599853515625,438.5,439.17999267578125,2931200
1616112000,439.17999267578125,444.5,438.1400146484375,441.5,3923800
1616371200,444.8599853515625,457.82000732421875,444.8599853515625,452.4100036621094,2944300
1616457600,457.3500061035156,466.8800048828125,456.4100036621094,460.20001220703125,5317000
1616544000,464.760009765625,465.6099853515625,448.3399963378906,451.510009765625,5214100
1616630400,448.3299865722656,456.8699951171875,445.4100036621094,450.989990234375,3201500
1616716800,450.25,469.7699890136719,449.04998779296875,469.0899963378906,3615900
1616976000,469.0299987792969,472.0,462.5,469.32000732421875,3141900
1617062400,462.5799865722656,469.0899963378906,461.5,465.4599914550781,2436300
1617148800,469.70001220703125,482.4100036621094,468.70001220703125,475.3699951171875,3155900
1617235200,483.1199951171875,487.0400085449219,480.7099914550781,483.3399963378906,2664700
1617580800,483.69000244140625,495.510009765625,480.5,491.6199951171875,2982500
1617667200,492.32000732421875,495.5899963378906,487.57000732421875,491.3399963378906,1878300
1617753600,492.9800109863281,494.8500061035156,487.8900146484375,493.4100036621094,1576800
1617840000,500.1600036621094,504.6000061035156,498.1400146484375,499.8399963378906,2026000
1617926400,498.3699951171875,504.44000244140625,492.6000061035156,504.0400085449219,1886900
1618185600,499.2900085449219,506.94000244140625,498.44000244140625,506.0299987792969,1584600
1618272000,506.8500061035156,517.260009765625,506.7799987792969,514.8599853515625,2195400
1618358400,514.0,517.780029296875,509.1300048828125,510.6300048828125,1956400
1618444800,515.6699829101562,524.5900268554688,515.0999755859375,523.25,2122300
1618531200,524.2100219726562,525.4400024414062,518.5499877929688,525.0800170898438,2031600
1618790400,523.1300048828125,524.0,514.4400024414062,516.1699829101562,1917700
1618876800,515.2899780273438,517.2899780273438,510.6000061035156,514.2100219726562,1677500
1618963200,515.02001953125,515.47998046875,509.54998779296875,512.3400268554688,1678100
1619049600,508.0799865722656,512.77001953125,504.05999755859375,507.2900085449219,2084600
1619136000,508.7900085449219,517.5,508.3999938964844,515.8400268554688,2257500
1619395200,513.5700073242188,516.3099975585938,510.25,515.7000122070312,1387500
1619481600,518.0,519.1599731445312,511.3500061035156,517.3200073242188,1944000
1619568000,515.239990234375,519.1300048828125,510.0199890136719,515.47998046875,1472200
1619654400,518.1099853515625,520.4500122070312,510.6199951171875,516.0900268554688,1592500
1619740800,514.1300048828125,515.0499877929688,507.1499938964844,508.3399963378906,1950500
1620000000,510.9700012207031,511.739990234375,501.1199951171875,503.4599914550781,1458600
1620086400,499.4700012207031,499.4700012207031,484.8299865722656,490.70001220703125,2528900
1620172800,495.69000244140625,498.6300048828125,484.44000244140625,486.69000244140625,1875300
1620259200,485.6700134277344,485.6700134277344,475.9200134277344,483.6099853515625,2537100
1620345600,496.0,499.1499938964844,485.7799987792969,488.7300109863281,1632300
1620604800,487.5400085449219,489.0400085449219,478.6300048828125,479.3800048828125,1970900
1620691200,471.0299987792969,486.9100036621094,468.5,485.19000244140625,2293700
1620777600,477.19000244140625,480.989990234375,469.57000732421875,472.0899963378906,2399500
1620864000,478.010009765625,480.4599914550781,471.760009765625,474.1600036621094,1996500
1620950400,481.6300048828125,488.3299865722656,478.69000244140625,486.55999755859375,1857100
1621209600,487.0299987792969,487.8699951171875,478.1099853515625,482.739990234375,1581000
1621296000,484.6300048828125,488.32000732421875,480.4599914550781,480.6199951171875,1395100
1621382400,473.0199890136719,480.8699951171875,472.0,480.4700012207031,2047500
1621468800,483.67999267578125,495.3599853515625,482.6099853515625,491.6700134277344,1991100
1621555200,494.19000244140625,496.2300109863281,487.1300048828125,488.07000732421875,1567800
1621814400,494.6400146484375,499.989990234375,492.010009765625,497.8299865722656,1846900
1621900800,499.0199890136719,505.6000061035156,498.8699951171875,505.0799865722656,2322500
1621987200,506.2699890136719,509.5,504.6300048828125,506.9800109863281,1695600
1622073600,505.0,505.0,497.45001220703125,498.2799987792969,2957300
1622160000,506.0799865722656,511.3699951171875,504.19000244140625,504.5799865722656,1924800
1622505600,504.5400085449219,506.0,492.30999755859375,495.9100036621094,2189000
1622592000,495.17999267578125,501.82000732421875,493.0899963378906,495.7699890136719,1761300
1622678400,492.3999938964844,496.760009765625,487.3399963378906,493.1400146484375,1539100
1622764800,498.7300109863281,506.5,497.7200012207031,504.5,1644200
1623024000,504.989990234375,509.7799987792969,502.0,509.4700012207031,1768500
1623110400,511.1499938964844,516.2899780273438,508.07000732421875,509.20001220703125,1747800
1623196800,513.989990234375,518.3200073242188,512.47998046875,514.6799926757812,1702400
1623283200,513.989990234375,536.4099731445312,513.010009765625,535.52001953125,3152400
1623369600,529.75,541.8499755859375,529.75,541.260009765625,2871300
1623628800,545.0399780273438,561.3599853515625,543.25,556.9500122070312,3522600
1623715200,554.989990234375,555.0,547.22998046875,548.4600219726562,2424800
1623801600,548.4600219726562,553.989990234375,535.719970703125,543.3300170898438,2842000
1623888000,539.989990234375,552.719970703125,538.75,551.3599853515625,3566400
1623974400,569.9600219726562,570.0,556.3900146484375,565.5900268554688,6762000
1624233600,565.989990234375,570.1900024414062,560.3499755859375,567.3499755859375,2625900
1624320000,568.510009765625,576.3099975585938,567.0,575.739990234375,2370400
1624406400,577.989990234375,579.7999877929688,570.7100219726562,574.22998046875,1616700
1624492800,575.9000244140625,580.969970703125,574.9600219726562,578.260009765625,1835000
1624579200,578.6400146484375,582.0,577.0599975585938,579.6599731445312,2133500
1624838400,582.7100219726562,589.4099731445312,581.0,588.7999877929688,1714000
1624924800,586.780029296875,591.3400268554688,583.9000244140625,590.75,1204800
1625011200,590.75,592.239990234375,585.0,585.6400146484375,1704200
1625097600,583.3300170898438,587.780029296875,581.3499755859375,584.72998046875,1646100
1625184000,588.6699829101562,594.0800170898438,587.9600219726562,593.0700073242188,1744600
1625529600,595.8699951171875,600.6599731445312,592.47998046875,596.9000244140625,1657400
1625616000,600.0,607.6699829101562,597.4000244140625,605.77001953125,2022500
1625702400,595.6400146484375,607.2999877929688,593.3300170898438,605.9500122070312,1846600
1625788800,601.4299926757812,605.9500122070312,597.4400024414062,604.5,2145200
1626048000,606.0,607.4199829101562,596.47998046875,600.2000122070312,1696200
1626134400,600.5599975585938,609.3300170898438,598.4199829101562,605.010009765625,1435600
1626220800,608.1400146484375,611.2999877929688,604.010009765625,608.8300170898438,1376900
1626307200,608.4000244140625,609.9500122070312,602.6500244140625,606.1699829101562,1618100
1626393600,608.7100219726562,611.6199951171875,603.6599731445312,606.0999755859375,1249700
1626652800,602.75,610.6900024414062,598.1400146484375,602.0499877929688,2046600
1626739200,605.3900146484375,612.75,598.47998046875,608.719970703125,1675700
1626825600,605.719970703125,612.5800170898438,603.3200073242188,612.260009765625,1381000
1626912000,614.5800170898438,623.9500122070312,614.5800170898438,623.6799926757812,1477900
1626998400,625.760009765625,631.6400146484375,622.0,625.8699951171875,2030400
1627257600,624.1799926757812,625.8699951171875,619.72998046875,620.7999877929688,1389800
1627344000,621.0,623.9199829101562,610.6400146484375,618.280029296875,1540300
1627430400,620.989990234375,626.0,617.5700073242188,620.9199829101562,1468100
1627516800,617.0399780273438,625.6699829101562,617.0399780273438,621.7000122070312,1068900
1627603200,619.030029296875,622.7999877929688,617.2899780273438,621.6300048828125,1403400
1627862400,625.8699951171875,627.5999755859375,612.9299926757812,618.75,1466800
1627948800,620.22998046875,624.7000122070312,614.0,621.280029296875,1067300
1628035200,622.469970703125,627.0800170898438,617.6199951171875,625.6799926757812,1306800
1628121600,626.989990234375,632.469970703125,623.0,632.0800170898438,1158200
1628208000,629.27001953125,631.8400268554688,625.1699829101562,631.3800048828125,1127700
1628467200,634.97998046875,634.97998046875,626.9199829101562,629.219970703125,1118900
1628553600,630.47998046875,633.2999877929688,620.5999755859375,621.739990234375,1540100
1628640000,623.760009765625,627.4199829101562,621.6500244140625,626.030029296875,1328300
1628726400,626.0,636.6400146484375,624.0399780273438,634.3499755859375,1163100
1628812800,634.489990234375,638.4299926757812,632.3499755859375,637.3099975585938,932800
1629072000,637.030029296875,638.02001953125,628.1900024414062,636.9400024414062,1105500
1629158400,636.5499877929688,637.0,630.219970703125,635.010009765625,1346300
1629244800,632.7999877929688,637.1400146484375,626.0499877929688,626.77001953125,1386500
1629331200,624.8800048828125,642.5499877929688,623.6300048828125,637.6599731445312,1693700
1629417600,639.8400268554688,652.0,634.530029296875,647.3400268554688,1434000
1629676800,645.8699951171875,658.5,645.52001953125,656.8599853515625,1652400
1629763200,659.1400146484375,660.0,653.4000244140625,657.239990234375,866400
1629849600,658.6099853515625,661.0599975585938,651.6400146484375,656.7999877929688,1047900
1629936000,653.5900268554688,657.9099731445312,649.3499755859375,652.3900146484375,1619200
1630022400,652.52001953125,662.6099853515625,651.8599853515625,658.52001953125,1142300
1630281600,659.780029296875,667.6699829101562,659.780029296875,665.989990234375,1341500
1630368000,667.9000244140625,667.9000244140625,660.4600219726562,663.7000122070312,1877800
1630454400,664.510009765625,668.9600219726562,662.0,665.8900146484375,1261200
1630540800,669.8200073242188,669.8499755859375,661.6699829101562,664.6400146484375,1402400
1630627200,664.4299926757812,673.8800048828125,664.2999877929688,666.5900268554688,1640300
1630972800,667.3499755859375,668.8699951171875,656.5499877929688,661.3900146484375,1382300
1631059200,660.1500244140625,664.0800170898438,657.0999755859375,663.219970703125,1367700
1631145600,664.8400268554688,667.4600219726562,659.9299926757812,661.6799926757812,1110200
1631232000,666.1799926757812,668.8699951171875,658.2000122070312,658.9400024414062,1204200
1631491200,663.0399780273438,663.5999755859375,640.239990234375,645.1500244140625,2242500
1631577600,646.0,649.5800170898438,642.4600219726562,645.010009765625,2150200
1631664000,652.3200073242188,663.3099975585938,650.97998046875,661.0800170898438,2009300
1631750400,657.530029296875,666.469970703125,654.7100219726562,665.1099853515625,2046100
1631836800,663.2100219726562,665.0,652.0399780273438,654.47998046875,3553200
1632096000,646.0399780273438,653.9299926757812,633.0499877929688,641.2899780273438,2637400
1632182400,646.8800048828125,650.9500122070312,640.2999877929688,645.8900146484375,2449300
1632268800,624.7899780273438,628.9400024414062,615.0599975585938,626.0800170898438,5689600
1632355200,632.2899780273438,633.8200073242188,627.02001953125,630.8400268554688,2985500
1632441600,628.0,629.030029296875,618.219970703125,622.7100219726562,2809000
1632700800,615.7999877929688,616.6599731445312,602.72998046875,603.6500244140625,4152200
1632787200,596.3099975585938,596.3099975585938,578.3300170898438,578.77001953125,5108900
1632873600,585.4500122070312,586.5499877929688,576.0700073242188,577.7000122070312,2726800
1632960000,580.6400146484375,586.1900024414062,573.239990234375,575.719970703125,2743600
1633046400,577.52001953125,581.469970703125,568.6099853515625,577.469970703125,2915300
1633305600,574.5900268554688,576.7999877929688,552.1400146484375,558.489990234375,3977000
1633392000,563.9099731445312,570.2899780273438,559.2100219726562,566.7000122070312,2337800
1633478400,561.239990234375,572.1599731445312,560.2100219726562,570.3099975585938,2043200
1633564800,578.4600219726562,586.1500244140625,576.1900024414062,578.9600219726562,2648500
1633651200,581.2999877929688,583.6099853515625,575.52001953125,576.8599853515625,2050700
1633910400,574.5,582.280029296875,571.5,573.0700073242188,1410600
1633996800,579.1599731445312,584.219970703125,574.4199829101562,580.6900024414062,1740200
1634083200,585.260009765625,593.5399780273438,582.6599731445312,591.1199951171875,2142300
1634169600,600.0,609.4400024414062,596.969970703125,607.510009765625,2500900
1634256000,611.6900024414062,612.25,607.5499877929688,610.0900268554688,1960100
1634515200,610.6500244140625,623.469970703125,607.5700073242188,622.8300170898438,1905100
1634601600,625.260009765625,639.3900146484375,625.260009765625,636.0700073242188,2470000
1634688000,639.280029296875,641.2899780273438,630.1699829101562,632.3699951171875,1497200
1634774400,632.0,639.1699829101562,629.0,638.6599731445312,1586600
1634860800,640.4299926757812,644.4299926757812,634.4500122070312,643.5800170898438,1786500
1635120000,644.469970703125,649.6199951171875,639.0700073242188,646.969970703125,1629400
1635206400,650.9099731445312,659.1900024414062,642.0999755859375,642.5,2154000
1635292800,644.47998046875,648.8099975585938,639.8099975585938,640.0800170898438,1629900
1635379200,638.0,642.489990234375,633.27001953125,639.280029296875,2085000
1635465600,637.77001953125,651.3099975585938,637.0,650.3599853515625,1927700
1635724800,651.0499877929688,654.0,634.780029296875,640.2000122070312,2215800
1635811200,641.1199951171875,647.739990234375,639.22998046875,640.4000244140625,1770000
1635897600,645.52001953125,656.5,640.0,655.1799926757812,1970700
1635984000,659.4400024414062,676.0800170898438,657.75,674.0800170898438,2480600
1636070400,676.739990234375,677.760009765625,661.1099853515625,662.719970703125,2517600
1636329600,666.5599975585938,668.25,661.4000244140625,666.02001953125,1497200
1636416000,667.6900024414062,669.6599731445312,663.0,667.9199829101562,1128000
1636502400,663.2000122070312,665.8099975585938,645.8599853515625,647.5,2038200
1636588800,649.6099853515625,652.5700073242188,642.0999755859375,643.1699829101562,1271100
1636675200,649.010009765625,658.469970703125,647.1599731445312,657.5999755859375,1286500
1636934400,658.3699951171875,663.6699829101562,655.1900024414062,659.72998046875,1077600
1637020800,659.1400146484375,673.739990234375,658.989990234375,671.030029296875,1422000
1637107200,671.760009765625,672.739990234375,662.8400268554688,670.6699829101562,1221900
1637193600,670.6199951171875,676.5499877929688,665.0800170898438,670.9600219726562,1493800
1637280000,681.260009765625,699.5,678.9099731445312,688.3699951171875,3090900
1637539200,696.280029296875,699.5399780273438,672.6599731445312,673.5700073242188,2284700
1637625600,662.7000122070312,667.5700073242188,648.6099853515625,665.1599731445312,2502800
1637712000,655.8300170898438,668.8699951171875,647.1400146484375,668.3200073242188,2426800
1637884800,670.25,684.0,659.6799926757812,662.0999755859375,2204000
1638144000,668.0,691.3599853515625,665.77001953125,687.489990234375,2728800
1638230400,687.219970703125,694.8900146484375,667.8300170898438,669.8499755859375,4703600
1638316800,676.0,678.780029296875,656.280029296875,657.4099731445312,2831800
1638403200,655.9500122070312,674.8499755859375,653.6199951171875,671.8800048828125,2675400
1638489600,658.0999755859375,662.0900268554688,604.2999877929688,616.530029296875,6741800
1638748800,617.469970703125,625.9000244140625,605.72998046875,622.0399780273438,3170000
1638835200,644.1900024414062,655.219970703125,640.0499877929688,649.9600219726562,3943500
1638921600,647.2999877929688,654.6500244140625,641.6099853515625,653.0999755859375,2416200
1639008000,650.9199829101562,655.719970703125,630.8800048828125,632.5700073242188,2550700
1639094400,638.1300048828125,654.969970703125,635.0999755859375,654.4500122070312,2873000
1639353600,652.77001953125,675.2100219726562,650.97998046875,658.2999877929688,3829400
1639440000,635.3599853515625,636.0,599.0999755859375,614.8599853515625,5934200
1639526400,615.9600219726562,631.25,604.6199951171875,630.3300170898438,4288800
1639612800,578.4000244140625,591.5800170898438,556.1500244140625,566.0900268554688,10961200
1639699200,566.0900268554688,566.989990234375,545.1400146484375,556.6400146484375,7999200
1639958400,545.6099853515625,557.27001953125,543.5,549.77001953125,3441100
1640044800,550.9099731445312,559.8900146484375,538.0499877929688,557.52001953125,4104700
1640131200,560.2999877929688,564.9199829101562,552.239990234375,563.97998046875,4526200
1640217600,568.9600219726562,572.5700073242188,566.1599731445312,569.6199951171875,2147700
1640563200,575.0399780273438,580.8800048828125,572.0900268554688,577.6799926757812,1980100
1640649600,582.8400268554688,582.8800048828125,568.3499755859375,569.3599853515625,2107800
1640736000,573.3300170898438,576.9600219726562,562.780029296875,569.2899780273438,2484200
1640822400,570.5700073242188,578.989990234375,566.0399780273438,570.530029296875,1564600
1640908800,570.0,570.1699829101562,565.0700073242188,567.0599975585938,1581400
1641168000,566.6500244140625,575.0,553.27001953125,564.3699951171875,2862700
1641254400,563.9000244140625,564.2999877929688,541.3099975585938,554.0,4344800
1641340800,535.0,538.75,514.0,514.4299926757812,7394800
1641427200,510.0,526.3099975585938,508.20001220703125,514.1199951171875,3913600
1641513600,513.6599731445312,520.4199829101562,504.0,510.70001220703125,3605400
1641772800,500.0,526.5800170898438,497.010009765625,525.8300170898438,5429700
1641859200,525.5499877929688,535.1799926757812,520.97998046875,529.8900146484375,3422200
1641945600,533.0900268554688,541.5900268554688,529.280029296875,532.3699951171875,2901800
1642032000,532.219970703125,535.27001953125,516.3200073242188,516.9000244140625,3406500
1642118400,514.489990234375,522.5700073242188,511.2699890136719,520.5999755859375,2659800
1642464000,510.3900146484375,519.3900146484375,504.9800109863281,513.3400268554688,3461000
1642550400,516.47998046875,528.9199829101562,515.2999877929688,516.5800170898438,2985900
1642636800,522.3800048828125,532.030029296875,509.6400146484375,510.8500061035156,3208100
1642723200,508.5,513.8599853515625,499.2699890136719,499.9100036621094,4276100
1642982400,491.07000732421875,520.4299926757812,483.30999755859375,519.6599731445312,7538000
1643068800,505.510009765625,514.260009765625,500.010009765625,502.7200012207031,4051500
1643155200,514.0,520.489990234375,494.2200012207031,500.80999755859375,4449500
1643241600,508.94000244140625,513.22998046875,485.6199951171875,493.04998779296875,5865400
1643328000,494.0899963378906,519.0,480.6199951171875,518.1599731445312,4339000
1643587200,518.97998046875,534.9400024414062,514.3900146484375,534.2999877929688,3995100
1643673600,536.0,538.77001953125,527.719970703125,535.97998046875,2307400
1643760000,536.25,540.4600219726562,529.3200073242188,533.0900268554688,2494100
1643846400,522.8699951171875,525.1799926757812,508.75,510.8299865722656,3058700
1643932800,503.7699890136719,519.969970703125,503.7699890136719,513.5399780273438,2583700
1644192000,516.0,516.0,500.95001220703125,507.1000061035156,3120500
1644278400,501.6300048828125,513.510009765625,501.07000732421875,511.30999755859375,3205500
1644364800,520.3499755859375,522.47998046875,515.0599975585938,521.75,2542200
1644451200,508.0799865722656,514.47998046875,492.2799987792969,495.0199890136719,4735800
1644537600,497.9200134277344,499.92999267578125,472.8999938964844,473.9700012207031,5027000
1644796800,473.20001220703125,478.57000732421875,469.2099914550781,474.010009765625,3372100
1644883200,482.5299987792969,482.5299987792969,472.3900146484375,479.5,3743100
1644969600,476.489990234375,480.2099914550781,467.2699890136719,477.70001220703125,3750500
1645056000,473.1400146484375,476.45001220703125,456.04998779296875,457.7099914550781,4021100
1645142400,458.69000244140625,459.29998779296875,441.7699890136719,442.55999755859375,5194200
1645488000,440.3500061035156,451.0899963378906,435.04998779296875,438.3999938964844,4287600
1645574400,447.7799987792969,449.5899963378906,428.05999755859375,429.45001220703125,4263000
1645660800,418.5899963378906,465.92999267578125,416.80999755859375,463.82000732421875,6448800
1645747200,465.3900146484375,468.5199890136719,456.0199890136719,465.5400085449219,2869700
1646006400,462.3999938964844,468.4800109863281,458.8599853515625,467.67999267578125,3302300
1646092800,468.0,479.2099914550781,462.9200134277344,466.67999267578125,3352800
1646179200,471.94000244140625,477.489990234375,466.0400085449219,471.17999267578125,2948500
1646265600,475.8299865722656,476.04998779296875,455.45001220703125,459.0799865722656,2906300
1646352000,455.489990234375,463.5199890136719,447.0,452.1300048828125,2751600
1646611200,456.2200012207031,457.67999267578125,437.17999267578125,437.9700012207031,3676100
1646697600,432.510009765625,443.79998779296875,421.3599853515625,431.5299987792969,3734800
1646784000,443.79998779296875,453.1099853515625,438.92999267578125,450.8699951171875,2905700
1646870400,444.67999267578125,447.6499938964844,433.010009765625,438.95001220703125,2722300
1646956800,439.6600036621094,440.6099853515625,415.42999267578125,416.3800048828125,4434500
1647216000,413.3599853515625,422.3800048828125,407.94000244140625,411.5,3731400
1647302400,415.9700012207031,422.9599914550781,413.1700134277344,421.6600036621094,3201700
1647388800,431.739990234375,442.5199890136719,424.3500061035156,442.3599853515625,4141200
1647475200,441.260009765625,446.82000732421875,436.510009765625,444.3599853515625,3556700
1647561600,439.20001220703125,453.739990234375,435.7900085449219,453.3299865722656,5898100
1647820800,451.4200134277344,459.5799865722656,445.95001220703125,453.5899963378906,3704200
1647907200,453.5,471.9800109863281,450.69000244140625,466.45001220703125,5377000
1647993600,437.510009765625,437.9800109863281,416.4700012207031,422.8999938964844,13979800
1648080000,426.0799865722656,432.2099914550781,421.489990234375,432.1400146484375,5544300
1648166400,435.44000244140625,438.6199951171875,426.0,431.6199951171875,3283600
1648425600,433.4200134277344,450.32000732421875,433.1499938964844,450.010009765625,4472600
1648512000,459.1600036621094,467.79998779296875,452.44000244140625,466.3299865722656,4323800
1648598400,461.5199890136719,466.7699890136719,456.8399963378906,460.05999755859375,3889200
1648684800,461.5899963378906,465.42999267578125,455.42999267578125,455.6199951171875,4141300
1648771200,455.0,461.54998779296875,450.9599914550781,458.19000244140625,2718400
1649030400,461.0400085449219,473.489990234375,460.6099853515625,468.80999755859375,2974500
1649116800,469.32000732421875,471.760009765625,455.07000732421875,458.5799865722656,2481900
1649203200,448.239990234375,450.010009765625,439.57000732421875,444.3299865722656,3824900
1649289600,444.0899963378906,455.9200134277344,440.760009765625,452.7200012207031,2757800
1649376000,449.95001220703125,454.4100036621094,443.3699951171875,445.3399963378906,2260700
1649635200,438.80999755859375,440.0,429.739990234375,434.44000244140625,2932100
1649721600,442.69000244140625,444.44000244140625,425.1600036621094,426.7699890136719,2199000
1649808000,427.29998779296875,433.5199890136719,425.6700134277344,431.6700134277344,3078900
1649894400,435.8599853515625,435.95001220703125,420.0299987792969,420.44000244140625,2597000
1650240000,419.3999938964844,429.69000244140625,418.7300109863281,425.4700012207031,2594700
1650326400,422.0199890136719,437.489990234375,420.6400146484375,436.3999938964844,1962700
1650412800,440.5899963378906,442.44000244140625,427.20001220703125,428.1099853515625,2094400
1650499200,432.69000244140625,438.94000244140625,416.3599853515625,417.4800109863281,2390100
1650585600,420.7099914550781,424.3299865722656,408.0199890136719,408.6700134277344,3198800
1650844800,405.70001220703125,414.0799865722656,401.6700134277344,413.95001220703125,3368800
1650931200,410.1700134277344,411.6099853515625,397.4700012207031,399.1199951171875,2820100
1651017600,401.44000244140625,412.4599914550781,396.80999755859375,397.8999938964844,3080700
1651104000,406.1300048828125,414.2699890136719,398.489990234375,410.5299987792969,2593900
1651190400,407.4700012207031,413.0,394.6400146484375,395.95001220703125,3033200
1651449600,397.1300048828125,407.9800109863281,394.0400085449219,407.2900085449219,3010000
1651536000,406.5899963378906,413.92999267578125,403.5,407.5799865722656,2196100
1651622400,407.2900085449219,424.2300109863281,395.04998779296875,423.3500061035156,3330400
1651708800,415.54998779296875,417.989990234375,395.7099914550781,400.510009765625,3507700
1651795200,395.0,401.260009765625,382.82000732421875,391.010009765625,3522200
1652054400,381.95001220703125,389.6300048828125,374.8599853515625,376.9100036621094,4324900
1652140800,385.7200012207031,400.8299865722656,374.7799987792969,393.0299987792969,5334400
1652227200,389.989990234375,409.989990234375,377.80999755859375,379.3299865722656,3822000
1652313600,373.3999938964844,390.1300048828125,370.2699890136719,388.489990234375,4048200
1652400000,396.4700012207031,408.9700012207031,393.94000244140625,405.45001220703125,3379300
1652659200,399.739990234375,407.1700134277344,396.6000061035156,402.8599853515625,2645200
1652745600,413.0799865722656,416.7200012207031,403.5400085449219,409.6499938964844,2614700
1652832000,404.3800048828125,411.6600036621094,396.1099853515625,397.8800048828125,2915900
1652918400,399.010009765625,403.0400085449219,391.57000732421875,394.3800048828125,2797200
1653004800,401.3900146484375,406.239990234375,385.6199951171875,399.0899963378906,3432400
1653264000,404.010009765625,407.8800048828125,398.8900146484375,406.760009765625,2337500
1653350400,401.6099853515625,404.3299865722656,391.0400085449219,398.4100036621094,2630800
1653436800,395.32000732421875,406.1000061035156,394.7099914550781,402.5,2726700
1653523200,405.0899963378906,411.54998779296875,402.4599914550781,408.6000061035156,2419500
1653609600,414.79998779296875,428.54998779296875,414.6300048828125,428.2200012207031,3560400
1653955200,427.2200012207031,427.2900085449219,412.7900085449219,416.4800109863281,7944200
1654041600,428.0,437.54998779296875,413.7900085449219,418.1600036621094,3409900
1654128000,418.1099853515625,441.8999938964844,415.8399963378906,441.2799987792969,3415700
1654214400,430.7099914550781,438.010009765625,427.260009765625,429.760009765625,2355300
1654473600,437.5899963378906,440.0,427.0400085449219,429.4599914550781,1563800
1654560000,423.9800109863281,435.20001220703125,423.1199951171875,433.4200134277344,1611200
1654646400,430.5400085449219,433.75,426.4200134277344,428.8399963378906,1790100
1654732800,424.1700134277344,436.0400085449219,423.4800109863281,426.4200134277344,2572400
1654819200,412.8999938964844,413.9599914550781,390.19000244140625,393.8399963378906,4406100
1655078400,377.3599853515625,385.6499938964844,371.0899963378906,371.6499938964844,4724800
1655164800,371.44000244140625,376.8900146484375,367.30999755859375,370.82000732421875,3197200
1655251200,376.0299987792969,382.75,368.5,376.9200134277344,3664500
1655337600,369.3699951171875,376.1199951171875,360.8999938964844,365.0799865722656,5775300
1655424000,349.239990234375,367.32000732421875,338.0,360.7900085449219,9475100
1655769600,355.0199890136719,372.79998779296875,353.510009765625,362.989990234375,5343500
1655856000,360.7900085449219,372.54998779296875,358.2200012207031,365.3299865722656,3168200
1655942400,371.7099914550781,378.17999267578125,367.4700012207031,376.6400146484375,2534300
1656028800,380.6400146484375,388.05999755859375,378.2200012207031,387.7200012207031,3305300
1656288000,388.79998779296875,389.3900146484375,379.3800048828125,381.07000732421875,2244600
1656374400,381.0,382.9800109863281,364.45001220703125,365.6300048828125,2654500
1656460800,367.94000244140625,370.3699951171875,362.6400146484375,368.5,2027900
1656547200,362.8999938964844,370.4200134277344,357.55999755859375,366.05999755859375,2595500
1656633600,364.17999267578125,369.5299987792969,359.07000732421875,368.4800109863281,2471600
1656979200,363.5,378.5199890136719,359.82000732421875,376.489990234375,3120500
1657065600,378.5400085449219,385.3900146484375,374.0899963378906,382.8299865722656,2284600
1657152000,382.5,392.07000732421875,382.3800048828125,390.8900146484375,2368500
1657238400,384.3500061035156,391.8599853515625,383.8399963378906,389.44000244140625,1611200
1657497600,386.57000732421875,388.04998779296875,380.4599914550781,384.1600036621094,1832200
1657584000,383.8999938964844,391.5199890136719,372.9100036621094,375.5400085449219,2639600
1657670400,368.20001220703125,374.4100036621094,364.70001220703125,371.94000244140625,1994000
1657756800,368.8299865722656,374.19000244140625,361.4599914550781,372.9599914550781,2098400
1657843200,377.7900085449219,384.4700012207031,376.8599853515625,379.8599853515625,2488300
1658102400,383.8299865722656,385.57000732421875,374.010009765625,375.2300109863281,1866400
1658188800,382.8900146484375,388.32000732421875,378.0,387.8299865722656,1977600
1658275200,392.19000244140625,403.1300048828125,390.07000732421875,401.489990234375,2746800
1658361600,404.1199951171875,409.6499938964844,399.239990234375,408.9100036621094,2009900
1658448000,410.0299987792969,414.6199951171875,398.6300048828125,401.8999938964844,2413200
1658707200,400.1099853515625,400.7699890136719,388.57000732421875,391.9599914550781,2340500
1658793600,393.5799865722656,393.5799865722656,378.1600036621094,379.260009765625,2368500
1658880000,385.0799865722656,394.9100036621094,383.4100036621094,392.7799987792969,2678000
1658966400,392.760009765625,406.1499938964844,390.05999755859375,403.5,2421700
1659052800,404.69000244140625,411.3800048828125,400.8900146484375,410.1199951171875,2669800
1659312000,406.510009765625,417.1600036621094,405.07000732421875,411.0899963378906,1910000
1659398400,405.3399963378906,412.4200134277344,402.25,409.9599914550781,2165500
1659484800,412.80999755859375,426.0400085449219,412.0199890136719,424.5400085449219,2403500
1659571200,425.45001220703125,431.1499938964844,419.6300048828125,430.5899963378906,2745600
1659657600,423.0,434.5400085449219,421.0,433.42999267578125,2481400
1659916800,435.0,440.29998779296875,432.4800109863281,434.3399963378906,2202000
1660003200,434.3399963378906,434.5899963378906,424.6199951171875,426.57000732421875,1977300
1660089600,441.4200134277344,443.2200012207031,436.20001220703125,438.3999938964844,2634400
1660176000,445.260009765625,445.6099853515625,434.3999938964844,434.8900146484375,1756600
1660262400,439.6099853515625,446.0,436.5799865722656,445.6700134277344,2150400
1660521600,445.07000732421875,451.1499938964844,442.1400146484375,451.0199890136719,2503400
1660608000,446.1199951171875,450.0899963378906,440.1000061035156,447.55999755859375,2139500
1660694400,440.8699951171875,442.989990234375,436.1099853515625,437.82000732421875,1894400
1660780800,438.6099853515625,441.3900146484375,437.010009765625,439.0299987792969,1402300
1660867200,431.5799865722656,432.5,424.6199951171875,425.05999755859375,2007700
1661126400,419.4100036621094,419.7900085449219,410.0799865722656,411.3500061035156,2074600
1661212800,410.3699951171875,415.70001220703125,409.20001220703125,410.4100036621094,1392200
1661299200,410.67999267578125,413.239990234375,405.3299865722656,405.6499938964844,1883900
1661385600,405.7900085449219,406.6700134277344,392.9200134277344,403.92999267578125,3062400
1661472000,403.989990234375,405.5400085449219,380.5,381.0199890136719,3600100
1661731200,380.0899963378906,382.8599853515625,374.82000732421875,375.260009765625,2410300
1661817600,379.9200134277344,380.6600036621094,371.05999755859375,375.07000732421875,1835000
1661904000,378.5299987792969,381.1499938964844,372.5,373.44000244140625,3193900
1661990400,371.0,371.6400146484375,361.7200012207031,370.5299987792969,2574400
1662076800,374.5299987792969,382.0,365.42999267578125,368.1400146484375,2450500
1662422400,367.2300109863281,374.29998779296875,365.3699951171875,368.29998779296875,2564400
1662508800,368.20001220703125,381.5199890136719,367.19000244140625,379.7200012207031,2385500
1662595200,377.20001220703125,386.6600036621094,375.20001220703125,383.6300048828125,2276800
1662681600,390.19000244140625,396.0899963378906,389.6700134277344,394.7799987792969,2998900
1662940800,391.0899963378906,396.3900146484375,389.2799987792969,396.3599853515625,2854800
1663027200,382.54998779296875,383.5799865722656,367.3699951171875,368.3900146484375,4175100
1663113600,369.57000732421875,374.239990234375,365.6099853515625,371.5199890136719,3004400
1663200000,323.1499938964844,329.0,305.0,309.1300048828125,27840200
1663286400,298.32000732421875,300.20001220703125,292.1400146484375,299.5,14948100
1663545600,294.8800048828125,299.2799987792969,293.4599914550781,296.05999755859375,6593400
1663632000,292.82000732421875,294.0799865722656,287.80999755859375,291.05999755859375,6548800
1663718400,292.8399963378906,297.94000244140625,286.2200012207031,286.29998779296875,4913100
1663804800,282.0,289.54998779296875,280.05999755859375,287.05999755859375,5657600
1663891200,285.57000732421875,288.54998779296875,280.70001220703125,284.55999755859375,4739300
1664150400,286.0299987792969,288.8999938964844,276.75,276.9599914550781,6746200
1664236800,281.70001220703125,284.5,274.7300109863281,277.57000732421875,6390900
1664323200,280.3800048828125,282.739990234375,275.3699951171875,281.3999938964844,4985100
1664409600,277.79998779296875,279.5899963378906,275.010009765625,278.25,5155300
1664496000,279.69000244140625,284.2900085449219,274.8500061035156,275.20001220703125,4578800
1664755200,278.2699890136719,286.8999938964844,277.0,285.239990234375,3738100
1664841600,290.95001220703125,296.7900085449219,290.17999267578125,294.9700012207031,4509200
1664928000,291.4100036621094,298.80999755859375,289.17999267578125,297.3800048828125,3469600
1665014400,297.1499938964844,305.5,297.1000061035156,298.4100036621094,4884000
1665100800,291.3599853515625,293.7099914550781,286.8299865722656,288.7699890136719,3495900
1665360000,289.75,290.2799987792969,283.04998779296875,285.7200012207031,2906300
1665446400,285.69000244140625,288.2799987792969,281.44000244140625,284.8299865722656,3209800
1665532800,284.69000244140625,289.7900085449219,283.0899963378906,286.1499938964844,3044100
1665619200,279.7099914550781,298.1700134277344,276.6000061035156,294.739990234375,4737200
1665705600,295.1199951171875,297.5899963378906,287.45001220703125,287.94000244140625,3563300
1665964800,297.45001220703125,297.9599914550781,291.3999938964844,293.5,4600600
1666051200,302.67999267578125,303.489990234375,286.80999755859375,292.9800109863281,5472000
1666137600,295.3999938964844,303.7099914550781,292.70001220703125,299.8299865722656,5529100
1666224000,301.0299987792969,309.19000244140625,299.3399963378906,302.3800048828125,3621600
1666310400,300.989990234375,307.42999267578125,298.2300109863281,306.3699951171875,3659300
1666569600,308.42999267578125,317.3299865722656,306.20001220703125,316.2200012207031,4817400
1666656000,319.1199951171875,324.2300109863281,316.739990234375,323.7900085449219,3814600
1666742400,318.1600036621094,330.5799865722656,316.5400085449219,320.4800109863281,4207700
1666828800,322.9599914550781,323.8500061035156,316.8699951171875,318.6499938964844,2870200
1666915200,318.6700134277344,327.04998779296875,318.6700134277344,325.67999267578125,3008400
1667174400,323.489990234375,325.5799865722656,317.4200134277344,318.5,3253200
1667260800,321.010009765625,322.8399963378906,312.7900085449219,316.0199890136719,2467700
1667347200,318.8399963378906,318.8399963378906,301.0899963378906,301.2200012207031,3480000
1667433600,297.07000732421875,299.6099853515625,285.3699951171875,285.92999267578125,4897100
1667520000,290.3800048828125,291.010009765625,278.2300109863281,285.75,5738300
1667779200,288.9700012207031,300.3599853515625,287.57000732421875,299.5400085449219,3980700
1667865600,301.1499938964844,309.8999938964844,297.7699890136719,302.1700134277344,4230600
1667952000,299.6499938964844,303.2900085449219,297.3500061035156,298.8699951171875,2778200
1668038400,318.54998779296875,330.3699951171875,317.8699951171875,329.95001220703125,5502900
1668124800,330.3399963378906,342.30999755859375,329.489990234375,341.1499938964844,4110100
1668384000,338.07000732421875,345.1099853515625,334.42999267578125,340.3699951171875,3464500
1668470400,348.4100036621094,350.9700012207031,342.55999755859375,345.9599914550781,2948600
1668556800,345.0,345.0199890136719,336.7200012207031,338.4100036621094,2123200
1668643200,331.739990234375,339.8699951171875,329.3500061035156,337.8299865722656,2740400
1668729600,344.29998779296875,344.70001220703125,329.1400146484375,330.8599853515625,3421700
1668988800,329.5299987792969,330.25,320.6000061035156,321.489990234375,3219900
1669075200,322.489990234375,331.5400085449219,320.20001220703125,330.8800048828125,2573800
1669161600,329.92999267578125,338.5,327.5899963378906,335.7799987792969,2240800
1669334400,332.8900146484375,335.510009765625,332.010009765625,334.29998779296875,1197800
1669593600,335.8299865722656,338.19000244140625,328.07000732421875,328.9700012207031,2314800
1669680000,326.69000244140625,329.70001220703125,323.6700134277344,326.7799987792969,2392600
1669766400,327.1199951171875,345.0299987792969,326.3800048828125,344.92999267578125,4979800
1669852800,348.0299987792969,350.6700134277344,341.5,344.1099853515625,3365200
1669939200,337.20001220703125,343.5299987792969,334.2200012207031,341.5299987792969,2741800
1670198400,337.79998779296875,340.510009765625,330.8299865722656,334.0899963378906,2542300
1670284800,334.0899963378906,334.2200012207031,327.3999938964844,331.1499938964844,2182200
1670371200,327.5299987792969,331.0,325.489990234375,326.67999267578125,2055900
1670457600,325.7099914550781,336.20001220703125,324.3500061035156,332.5799865722656,2065800
1670544000,331.5,334.69000244140625,328.5,330.6400146484375,1969200
1670803200,334.760009765625,338.2699890136719,332.6499938964844,338.1700134277344,2914700
1670889600,353.6300048828125,355.6700134277344,338.7900085449219,342.4599914550781,3428000
1670976000,343.8900146484375,345.95001220703125,335.0,339.9200134277344,3236500
1671062400,332.760009765625,334.5,324.5899963378906,328.7099914550781,5498700
1671148800,345.0,354.4700012207031,337.239990234375,338.5400085449219,11940700
1671408000,338.0,340.739990234375,326.29998779296875,328.760009765625,4086300
1671494400,327.0,342.5,325.5199890136719,338.2200012207031,3873600
1671580800,340.2900085449219,345.2900085449219,336.44000244140625,341.3800048828125,2583000
1671667200,336.010009765625,339.8800048828125,330.94000244140625,336.5199890136719,2319300
1671753600,335.0,338.9200134277344,333.2900085449219,338.45001220703125,1629800
1672099200,338.0,338.1600036621094,332.4599914550781,335.0899963378906,1464300
1672185600,335.05999755859375,338.5,327.19000244140625,328.3299865722656,1672100
1672272000,330.75,339.5,329.760009765625,337.5799865722656,1793100
1672358400,333.0,336.6400146484375,331.6400146484375,336.5299987792969,1740900
1672704000,340.1600036621094,345.82000732421875,331.9200134277344,336.9200134277344,2229100
1672790400,342.8900146484375,345.6300048828125,336.7300109863281,341.4100036621094,2186800
1672876800,337.5299987792969,337.54998779296875,328.1600036621094,328.44000244140625,2081600
1672963200,332.2799987792969,334.8800048828125,322.44000244140625,332.75,2216600
1673222400,338.8999938964844,349.4599914550781,338.4200134277344,341.9800109863281,3133800
1673308800,337.6499938964844,344.6300048828125,336.79998779296875,338.70001220703125,1670200
1673395200,337.3900146484375,343.19000244140625,333.4700012207031,342.92999267578125,2344400
1673481600,344.1700134277344,346.44000244140625,337.3699951171875,344.5400085449219,2121800
1673568000,340.25,344.6499938964844,335.5,344.3800048828125,2581900
1673913600,344.3800048828125,350.7900085449219,341.9700012207031,344.3800048828125,2512700
1674000000,345.010009765625,349.239990234375,338.3999938964844,341.30999755859375,2079800
1674086400,340.55999755859375,346.7300109863281,340.010009765625,342.5299987792969,2467000
1674172800,343.2699890136719,357.4200134277344,342.760009765625,356.3800048828125,3149400
1674432000,358.2799987792969,365.8699951171875,356.8500061035156,364.9800109863281,3187100
1674518400,364.1000061035156,364.45001220703125,358.0,361.32000732421875,2466400
1674604800,355.6700134277344,359.7300109863281,350.57000732421875,358.1700134277344,2239100
1674691200,362.760009765625,367.42999267578125,360.7200012207031,365.82000732421875,2350500
1674777600,363.489990234375,373.4200134277344,362.8500061035156,370.7099914550781,2615600
1675036800,365.8999938964844,368.70001220703125,362.8299865722656,363.4200134277344,2663600
1675123200,364.7099914550781,370.70001220703125,364.010009765625,370.3399963378906,2572400
1675209600,370.010009765625,386.7200012207031,366.79998779296875,383.9200134277344,3362000
1675296000,393.2799987792969,402.489990234375,388.8800048828125,392.2300109863281,4020000
1675382400,384.2900085449219,386.7200012207031,377.9200134277344,379.3299865722656,2695400
1675641600,376.2099914550781,379.2900085449219,373.3900146484375,375.2300109863281,2369600
1675728000,373.42999267578125,384.94000244140625,372.760009765625,383.82000732421875,2476200
1675814400,382.489990234375,387.2799987792969,375.70001220703125,378.3599853515625,2668100
1675900800,384.9700012207031,386.510009765625,374.0199890136719,375.80999755859375,2265200
1675987200,371.6300048828125,374.5199890136719,367.0799865722656,370.989990234375,1846300
1676246400,373.4100036621094,376.30999755859375,371.0299987792969,375.0,1877300
1676332800,375.0,380.55999755859375,369.9599914550781,377.8999938964844,2479700
1676419200,375.6000061035156,381.6700134277344,374.8399963378906,375.94000244140625,2088200
1676505600,366.0400085449219,373.489990234375,363.54998779296875,365.1600036621094,2917000
1676592000,359.30999755859375,359.6099853515625,352.1199951171875,356.8500061035156,2985700
1676937600,350.7799987792969,353.25,345.69000244140625,346.70001220703125,3002700
1677024000,346.69000244140625,353.1700134277344,344.45001220703125,348.7200012207031,2599300
1677110400,350.44000244140625,353.79998779296875,343.92999267578125,347.0199890136719,3154500
1677196800,328.1199951171875,329.760009765625,318.6000061035156,320.5400085449219,8444500
1677456000,322.0199890136719,325.1000061035156,320.70001220703125,322.32000732421875,3500600
1677542400,323.3699951171875,325.7300109863281,320.9700012207031,323.95001220703125,2714200
1677628800,323.79998779296875,325.260009765625,321.0,323.3800048828125,2377700
1677715200,323.3800048828125,334.4599914550781,321.55999755859375,333.5,3845800
1677801600,334.69000244140625,344.760009765625,334.4800109863281,344.0400085449219,3725500
1678060800,344.3299865722656,351.7799987792969,344.2799987792969,347.0199890136719,3060300
1678147200,347.8599853515625,352.1700134277344,344.05999755859375,344.79998779296875,2252800
1678233600,346.739990234375,348.69000244140625,343.4700012207031,345.8399963378906,2518900
1678320000,344.7200012207031,350.1300048828125,336.989990234375,338.3699951171875,3798300
1678406400,338.3399963378906,338.5199890136719,328.45001220703125,329.29998779296875,4148200
1678665600,329.4200134277344,333.0,323.2900085449219,324.2699890136719,4203500
1678752000,332.2099914550781,335.1700134277344,328.70001220703125,333.3299865722656,3850900
1678838400,330.0,334.2799987792969,328.1700134277344,333.6099853515625,4627100
1678924800,344.57000732421875,355.489990234375,340.5299987792969,353.2900085449219,6946600
1679011200,354.7799987792969,360.6300048828125,350.8399963378906,358.1400146484375,6725400
1679270400,357.6099853515625,364.94000244140625,355.3500061035156,362.8800048828125,3946800
1679356800,364.6300048828125,376.3999938964844,362.9200134277344,374.2200012207031,4479200
1679443200,375.0,377.3299865722656,361.5199890136719,361.7099914550781,3878400
1679529600,368.989990234375,375.25,365.489990234375,369.0,3138600
1679616000,370.2300109863281,375.2300109863281,367.7200012207031,374.9599914550781,2993400
1679875200,376.510009765625,380.3500061035156,369.67999267578125,373.1499938964844,2832200
1679961600,373.4200134277344,374.0,367.82000732421875,373.3999938964844,1780800
1680048000,376.67999267578125,380.1199951171875,375.55999755859375,379.1600036621094,2497600
1680134400,381.6499938964844,382.5799865722656,378.0799865722656,381.8999938964844,2139000
1680220800,382.2900085449219,385.7300109863281,380.260009765625,385.3699951171875,3063400
1680480000,380.8800048828125,383.7300109863281,378.1499938964844,380.0799865722656,2712600
1680566400,382.239990234375,385.70001220703125,381.04998779296875,385.1499938964844,2569800
1680652800,384.0899963378906,386.0,377.260009765625,382.0199890136719,2277200
1680739200,379.30999755859375,382.4599914550781,375.989990234375,380.6000061035156,1835900
1681084800,375.4800109863281,376.6700134277344,372.260009765625,376.25,1689700
1681171200,374.010009765625,375.8999938964844,368.3500061035156,371.1099853515625,2161100
1681257600,376.4200134277344,378.2300109863281,368.75,369.8900146484375,1978200
1681344000,373.20001220703125,379.0199890136719,372.7300109863281,378.79998779296875,2434800
1681430400,376.3699951171875,380.57000732421875,375.1400146484375,379.3800048828125,1525500
1681689600,379.6099853515625,380.760009765625,374.6199951171875,377.9200134277344,1614300
1681776000,380.8999938964844,380.8999938964844,374.489990234375,377.54998779296875,1586700
1681862400,377.8999938964844,382.8399963378906,375.6000061035156,380.1099853515625,1775200
1681948800,376.0400085449219,383.0,375.6700134277344,380.260009765625,1947900
1682035200,379.9700012207031,380.44000244140625,375.44000244140625,377.6700134277344,1841600
1682294400,376.5899963378906,378.95001220703125,373.57000732421875,377.3399963378906,1531100
1682380800,373.6300048828125,375.2300109863281,368.8800048828125,369.5899963378906,2413100
1682467200,368.6000061035156,369.45001220703125,357.25,363.05999755859375,2803200
1682553600,365.94000244140625,373.82000732421875,363.5,371.4200134277344,2338800
1682640000,371.4200134277344,377.69000244140625,368.55999755859375,377.55999755859375,2061200
1682899200,376.510009765625,378.7200012207031,373.7099914550781,374.1499938964844,1868000
1682985600,374.3599853515625,375.8500061035156,367.8399963378906,368.6600036621094,2287600
1683072000,363.489990234375,365.9599914550781,344.239990234375,345.25,6700800
1683158400,347.9700012207031,348.0,332.8399963378906,335.8299865722656,6614900
1683244800,338.9800109863281,349.54998779296875,338.0299987792969,348.3999938964844,4260100
1683504000,348.0,350.4800109863281,340.760009765625,344.05999755859375,3135900
1683590400,342.5,345.0,341.2300109863281,342.6499938964844,1879400
1683676800,348.25,352.0,341.8299865722656,344.0199890136719,3386300
1683763200,341.8800048828125,344.6600036621094,339.3699951171875,341.5799865722656,2183400
1683849600,340.510009765625,340.7900085449219,331.8900146484375,335.45001220703125,4278400
1684108800,337.3500061035156,345.8900146484375,333.010009765625,345.6700134277344,3330500
1684195200,344.20001220703125,347.07000732421875,341.1700134277344,345.1099853515625,2558300
1684281600,345.3599853515625,358.69000244140625,345.1199951171875,356.6300048828125,3560600
1684368000,357.0,361.4800109863281,356.45001220703125,360.42999267578125,2896400
1684454400,363.0,372.0799865722656,361.3599853515625,371.25,3855500
1684713600,371.25,374.3999938964844,369.6600036621094,372.04998779296875,2627100
1684800000,371.80999755859375,376.489990234375,369.9200134277344,370.4200134277344,2967700
1684886400,368.4100036621094,369.05999755859375,361.7200012207031,365.760009765625,2666600
1684972800,375.489990234375,397.6499938964844,374.0899963378906,392.05999755859375,7030000
1685059200,396.7200012207031,416.3599853515625,396.57000732421875,415.3900146484375,7833600
1685404800,429.94000244140625,432.989990234375,416.0799865722656,417.2099914550781,5332300
1685491200,413.8999938964844,421.3599853515625,410.70001220703125,417.7900085449219,5158500
1685577600,412.2900085449219,430.6000061035156,412.2900085449219,426.75,4443100
1685664000,432.0,438.5299987792969,430.3599853515625,436.3699951171875,4332200
1685923200,433.010009765625,440.3800048828125,426.9599914550781,434.17999267578125,3447400
1686009600,432.54998779296875,437.1199951171875,431.239990234375,432.8900146484375,2342000
1686096000,434.55999755859375,436.80999755859375,417.739990234375,418.32000732421875,4773000
1686182400,424.1499938964844,440.6300048828125,423.5799865722656,439.0299987792969,6062800
1686268800,456.9100036621094,466.5899963378906,453.0899963378906,454.0,7928300
1686528000,463.7099914550781,478.0400085449219,459.4200134277344,474.6300048828125,6913700
1686614400,489.7099914550781,491.510009765625,470.3599853515625,478.989990234375,7412500
1686700800,476.1499938964844,483.8500061035156,473.20001220703125,479.5299987792969,5150100
1686787200,475.4700012207031,495.20001220703125,474.25,490.9100036621094,9682200
1686873600,518.22998046875,518.739990234375,494.6199951171875,495.17999267578125,13335800
1687219200,485.6300048828125,492.69000244140625,480.0,485.8599853515625,5331200
1687305600,492.0,495.54998779296875,475.30999755859375,477.4800109863281,5258700
1687392000,474.1199951171875,481.0,473.0199890136719,477.5799865722656,3601400
1687478400,472.95001220703125,487.3299865722656,472.32000732421875,484.7200012207031,4450200
1687737600,483.010009765625,487.1600036621094,479.04998779296875,479.510009765625,3169500
1687824000,480.0,490.79998779296875,479.95001220703125,489.2699890136719,2691700
1687910400,482.0,489.75,480.3900146484375,482.42999267578125,3229200
1687996800,484.4700012207031,485.8299865722656,479.6000061035156,483.7699890136719,1905400
1688083200,482.739990234375,492.80999755859375,482.7200012207031,488.989990234375,3095900
1688342400,486.3900146484375,486.6099853515625,479.8399963378906,485.2099914550781,1491000
1688515200,480.989990234375,489.4100036621094,479.7300109863281,487.260009765625,2190000
1688601600,479.989990234375,482.5,475.0,481.2900085449219,2100900
1688688000,481.9800109863281,490.4200134277344,479.8599853515625,485.2699890136719,2324500
1688947200,485.2699890136719,499.20001220703125,485.1099853515625,496.3500061035156,3352600
1689033600,497.2799987792969,506.0299987792969,491.760009765625,504.739990234375,2844200
1689120000,509.4100036621094,510.7900085449219,500.010009765625,507.3599853515625,3027400
1689206400,509.6199951171875,519.4099731445312,509.5,517.280029296875,3049400
1689292800,517.3400268554688,523.7899780273438,512.6699829101562,514.8300170898438,2300400
1689552000,513.0,522.6900024414062,512.3800048828125,522.0,2645600
1689638400,519.6400146484375,535.1300048828125,517.3800048828125,532.22998046875,4094600
1689724800,534.47998046875,539.0,526.0599975585938,527.1699829101562,3383200
1689811200,522.030029296875,528.3099975585938,514.0900268554688,516.8800048828125,3264500
1689897600,521.75,529.6900024414062,519.280029296875,520.22998046875,8098000
1690156800,520.0,524.8400268554688,514.8599853515625,523.8599853515625,2260500
1690243200,519.4199829101562,526.8800048828125,517.9199829101562,525.3400268554688,2472100
1690329600,520.489990234375,521.0999755859375,510.44000244140625,514.5499877929688,2918700
1690416000,523.1599731445312,527.9000244140625,511.239990234375,513.969970703125,2477200
1690502400,515.4299926757812,530.3200073242188,514.6300048828125,528.8699951171875,2810000
1690761600,541.8699951171875,552.9400024414062,541.8699951171875,546.1699829101562,4059800
1690848000,545.780029296875,552.02001953125,541.6699829101562,549.0999755859375,2274000
1690934400,539.3200073242188,539.989990234375,526.5,530.2999877929688,2971000
1691020800,523.0,530.9099731445312,522.219970703125,523.760009765625,2183700
1691107200,526.739990234375,535.6300048828125,522.1199951171875,526.8800048828125,2461900
1691366400,530.0,532.5800170898438,523.52001953125,529.72998046875,1777600
1691452800,523.989990234375,524.5800170898438,515.25,520.5999755859375,2626100
1691539200,520.5499877929688,520.969970703125,509.5299987792969,513.780029296875,1843800
1691625600,521.030029296875,523.219970703125,512.97998046875,515.8300170898438,1901700
1691712000,510.8299865722656,514.9000244140625,506.3699951171875,508.45001220703125,1929900
1691971200,506.7799987792969,522.5499877929688,505.0299987792969,522.25,2052500
1692057600,518.3499755859375,522.0399780273438,516.0599975585938,518.7000122070312,1824300
1692144000,517.8099975585938,523.1500244140625,514.1699829101562,514.489990234375,1541300
1692230400,525.0,525.489990234375,510.55999755859375,511.6700134277344,2455800
1692316800,504.6499938964844,510.04998779296875,503.8999938964844,508.1300048828125,2139100
1692576000,510.2900085449219,522.97998046875,510.2900085449219,520.469970703125,2428300
1692662400,529.719970703125,530.0,518.3499755859375,519.47998046875,1496600
1692748800,522.72998046875,535.25,519.239990234375,530.7100219726562,2336900
1692835200,539.0,539.6699829101562,511.04998779296875,512.4299926757812,2950200
1692921600,514.9199829101562,528.4299926757812,514.469970703125,525.0599975585938,2308300
1693180800,525.7000122070312,533.510009765625,523.97998046875,529.9199829101562,1684100
1693267200,527.7000122070312,541.969970703125,526.1500244140625,540.5700073242188,2167000
1693353600,540.0999755859375,546.0,536.0900268554688,545.3599853515625,1930300
1693440000,547.0,562.0999755859375,546.760009765625,559.3400268554688,3919300
1693526400,564.7999877929688,569.97998046875,558.52001953125,563.2100219726562,2232300
1693872000,557.8800048828125,567.5900268554688,555.4199829101562,564.8800048828125,2349700
1693958400,560.4500122070312,564.0599975585938,555.8499755859375,561.9400024414062,2299900
1694044800,554.0,561.8300170898438,551.0800170898438,560.4600219726562,2089400
1694131200,568.9000244140625,570.239990234375,558.030029296875,560.3599853515625,2262000
1694390400,562.0,565.4299926757812,556.7000122070312,564.5,2083300
1694476800,555.6300048828125,559.0900268554688,540.3699951171875,542.2100219726562,3961300
1694563200,557.02001953125,559.8499755859375,546.4299926757812,553.5599975585938,3465200
1694649600,551.0900268554688,555.1900024414062,544.3400268554688,552.1599731445312,4786900
1694736000,532.1099853515625,537.6900024414062,523.6199951171875,528.8900146484375,9769000
1694995200,524.22998046875,533.97998046875,522.1799926757812,532.4199829101562,2650700
1695081600,531.3499755859375,542.4000244140625,529.469970703125,541.6900024414062,2385800
1695168000,541.6900024414062,548.8499755859375,535.72998046875,535.780029296875,2626000
1695254400,519.47998046875,526.2899780273438,513.4000244140625,513.8800048828125,3844600
1695340800,513.0900268554688,518.1500244140625,508.8299865722656,512.9000244140625,2702100
1695600000,511.45001220703125,514.25,507.2200012207031,511.6000061035156,2219500
1695686400,510.1400146484375,510.1400146484375,502.010009765625,506.29998779296875,2375400
1695772800,507.510009765625,509.25,498.70001220703125,502.6000061035156,3311100
1695859200,500.0,508.67999267578125,499.25,504.6700134277344,2720000
1695945600,505.44000244140625,518.5800170898438,505.44000244140625,509.8999938964844,2795900
1696204800,508.239990234375,522.4099731445312,508.239990234375,521.1300048828125,2411500
1696291200,517.52001953125,520.489990234375,504.54998779296875,507.0299987792969,2004100
1696377600,511.92999267578125,519.760009765625,510.0,518.4199829101562,2027200
1696464000,519.8400268554688,522.6099853515625,509.239990234375,516.4400024414062,1818800
1696550400,513.219970703125,531.3099975585938,509.5199890136719,526.6799926757812,2523300
1696809600,522.0,530.0,518.75,529.2899780273438,1713500
1696896000,530.9099731445312,537.0,530.4000244140625,532.719970703125,2090900
1696982400,538.5900268554688,551.3400268554688,536.1099853515625,549.9099731445312,3307500
1697068800,553.7000122070312,574.4000244140625,552.22998046875,559.6300048828125,4624000
1697155200,560.0,562.8900146484375,546.989990234375,548.760009765625,2832600
1697414400,553.1799926757812,555.5700073242188,545.6900024414062,550.739990234375,2179700
1697500800,545.4099731445312,560.7999877929688,543.3400268554688,560.0900268554688,2355300
1697587200,554.47998046875,568.1799926757812,554.239990234375,557.8699951171875,2614500
1697673600,560.0,567.0999755859375,553.469970703125,555.739990234375,2809300
1697760000,555.739990234375,555.97998046875,535.9500122070312,540.9600219726562,2728100
1698019200,535.8099975585938,548.030029296875,531.0,540.4099731445312,2172600
1698105600,544.6400146484375,546.0,532.1199951171875,539.5599975585938,2358100
1698192000,533.5599975585938,534.4600219726562,517.6300048828125,521.1400146484375,2526000
1698278400,530.0,530.989990234375,511.67999267578125,514.280029296875,2876700
1698364800,517.5,519.8599853515625,506.9200134277344,508.1199951171875,2985600
1698624000,516.1099853515625,530.75,512.239990234375,526.9400024414062,2806900
1698710400,530.6400146484375,532.6400146484375,522.8099975585938,532.0599975585938,2052300
1698796800,535.0,545.27001953125,534.0,544.5,2644500
1698883200,550.4400024414062,559.3599853515625,550.0,558.7100219726562,2634800
1698969600,560.0,567.030029296875,557.6599731445312,563.6599731445312,2066300
1699228800,566.0,567.8800048828125,558.1699829101562,565.4500122070312,2593400
1699315200,568.8099975585938,589.0,568.8099975585938,585.2000122070312,3993600
1699401600,589.0,595.6699829101562,581.0700073242188,585.3099975585938,3079200
1699488000,587.510009765625,590.0399780273438,576.3400268554688,577.739990234375,2336600
1699574400,580.489990234375,598.1400146484375,576.010009765625,597.219970703125,3062700
1699833600,589.97998046875,594.260009765625,583.3599853515625,590.3400268554688,2505100
1699920000,601.5599975585938,613.7100219726562,599.0399780273438,604.3300170898438,2884900
1700006400,605.0,605.72998046875,591.7899780273438,595.3099975585938,3088900
1700092800,595.4500122070312,605.27001953125,592.1400146484375,602.0599975585938,2040400
1700179200,602.0700073242188,605.0499877929688,597.02001953125,602.6599731445312,1968500
1700438400,605.3099975585938,614.2000122070312,604.5,612.7000122070312,2393900
1700524800,610.6300048828125,615.5700073242188,607.030029296875,610.989990234375,1906200
1700611200,616.6300048828125,624.3800048828125,614.010009765625,619.719970703125,2064400
1700784000,616.260009765625,619.4400024414062,613.5999755859375,619.4299926757812,942700
1701043200,618.7999877929688,625.8300170898438,614.5700073242188,619.27001953125,1854400
1701129600,613.97998046875,625.5999755859375,612.260009765625,623.3200073242188,2302900
1701216000,625.9400024414062,628.5999755859375,616.77001953125,617.3900146484375,2595600
1701302400,620.0,621.47998046875,605.0700073242188,611.010009765625,3960300
1701388800,609.239990234375,615.2000122070312,603.1799926757812,612.469970703125,2490000
1701648000,604.9099731445312,608.2899780273438,596.2100219726562,604.5599975585938,2541500
1701734400,596.77001953125,602.739990234375,591.1699829101562,602.219970703125,2577700
1701820800,608.0599975585938,608.530029296875,594.489990234375,595.7000122070312,2080400
1701907200,598.9199829101562,609.22998046875,596.469970703125,608.780029296875,2605200
1701993600,605.0,610.22998046875,601.2999877929688,610.010009765625,2498800
1702252800,616.8800048828125,627.8200073242188,614.3400268554688,625.2000122070312,3270600
1702339200,625.8599853515625,633.8900146484375,623.0,633.6599731445312,2968900
1702425600,630.4099731445312,632.4500122070312,618.030029296875,624.260009765625,6188500
1702512000,593.0,593.1599731445312,578.2999877929688,584.6400146484375,11315300
1702598400,580.5999755859375,591.6599731445312,578.2000122070312,584.6799926757812,8663700
1702857600,591.52001953125,603.1300048828125,586.6199951171875,599.1300048828125,5452000
1702944000,600.0,612.7100219726562,598.0800170898438,604.6400146484375,4150700
1703030400,600.7100219726562,610.6799926757812,595.0700073242188,596.0599975585938,2587300
1703116800,603.0,607.4000244140625,594.8200073242188,600.1400146484375,3192800
1703203200,600.7999877929688,601.8599853515625,596.0,598.75,1659800
1703548800,598.9199829101562,601.6900024414062,596.5,598.260009765625,1595100
1703635200,598.5999755859375,599.7899780273438,593.7100219726562,596.0800170898438,1394900
1703721600,597.4400024414062,599.0399780273438,593.6300048828125,595.52001953125,1702600
1703808000,596.0900268554688,600.75,592.9400024414062,596.5999755859375,1893900
1704153600,589.510009765625,590.4400024414062,576.760009765625,580.0700073242188,2840200
1704240000,574.5800170898438,577.2999877929688,570.1900024414062,571.7899780273438,2478000
1704326400,570.989990234375,572.9099731445312,566.6599731445312,567.0499877929688,2092100
1704412800,563.5,569.52001953125,563.3400268554688,564.5999755859375,1922900
1704672000,567.8699951171875,581.510009765625,567.8699951171875,580.5499877929688,2830000
1704758400,578.3300170898438,588.2000122070312,577.280029296875,586.2000122070312,1926900
1704844800,585.4299926757812,593.6500244140625,585.4299926757812,591.030029296875,2135700
1704931200,592.0,597.8400268554688,584.52001953125,597.489990234375,2331800
1705017600,598.3900146484375,599.3800048828125,593.02001953125,596.5399780273438,1477000
1705363200,592.8300170898438,597.760009765625,588.3400268554688,597.6799926757812,2126100
1705449600,591.989990234375,596.75,582.4400024414062,596.0999755859375,2588300
1705536000,586.9000244140625,596.8900146484375,584.2100219726562,593.7000122070312,2793600
1705622400,593.8099975585938,612.0700073242188,589.1300048828125,611.5499877929688,3760100
1705881600,615.0,620.9600219726562,603.1500244140625,603.5900268554688,4488000
1705968000,602.2100219726562,604.3200073242188,591.3400268554688,597.1799926757812,2723500
1706054400,601.7100219726562,616.9500122070312,597.4600219726562,606.47998046875,2999000
1706140800,615.4199829101562,627.0599975585938,612.239990234375,622.5800170898438,3806200
1706227200,620.7000122070312,622.5,613.0,613.9299926757812,2137800
1706486400,615.7100219726562,636.25,615.7100219726562,630.22998046875,3212200
1706572800,630.0,630.469970703125,620.8900146484375,627.9600219726562,2007400
1706659200,620.0,625.9299926757812,612.1699829101562,617.780029296875,2666800
1706745600,619.0,628.7999877929688,618.780029296875,627.9099731445312,1687600
1706832000,624.7899780273438,638.25,617.010009765625,634.760009765625,2542200
1707091200,633.030029296875,634.5900268554688,624.5399780273438,630.5,2131200
1707177600,625.5800170898438,626.4600219726562,604.6699829101562,607.1400146484375,3436200
1707264000,613.25,620.4199829101562,610.1500244140625,615.8499755859375,2313800
1707350400,615.8499755859375,621.3400268554688,612.510009765625,615.8599853515625,1815700
1707436800,616.0,628.0700073242188,615.7999877929688,627.2100219726562,2091400
1707696000,626.0,626.3499755859375,611.5800170898438,611.8400268554688,2317200
1707782400,596.7000122070312,608.3900146484375,590.0,601.8900146484375,2985200
1707868800,605.8499755859375,610.3300170898438,602.5,604.6599731445312,1615100
1707955200,606.0,607.3200073242188,589.77001953125,590.4400024414062,3677400
1708041600,589.9000244140625,590.1400146484375,546.3699951171875,546.6599731445312,10323000
1708387200,531.5,545.8800048828125,528.010009765625,541.9099731445312,6567600
1708473600,539.760009765625,542.5700073242188,529.3699951171875,538.52001953125,4493500
1708560000,553.9400024414062,555.5499877929688,534.5599975585938,537.5700073242188,5023400
1708646400,543.489990234375,557.1799926757812,541.47998046875,553.4400024414062,4546500
1708905600,556.5599975585938,570.5999755859375,556.5599975585938,560.47998046875,4251200
1708992000,565.9099731445312,565.9099731445312,548.5399780273438,552.489990234375,3247600
1709078400,552.0,557.2000122070312,549.760009765625,551.8200073242188,2313200
1709164800,554.8900146484375,561.9400024414062,553.22998046875,560.280029296875,3844400
1709251200,561.1099853515625,572.8900146484375,560.6699829101562,570.9299926757812,2903700
1709510400,572.8499755859375,576.25,564.0999755859375,567.9400024414062,2556400
1709596800,562.5999755859375,564.1900024414062,539.3499755859375,544.8400268554688,4286800
1709683200,548.0,550.6400146484375,538.1500244140625,543.0900268554688,3209800
1709769600,550.0,558.3800048828125,541.5900268554688,556.0399780273438,2660500
1709856000,553.0,560.4400024414062,550.510009765625,551.6900024414062,2831100
1710115200,552.4500122070312,562.6900024414062,551.02001953125,560.4199829101562,2857800
1710201600,568.5999755859375,579.7899780273438,562.5999755859375,579.1400146484375,3469200
1710288000,579.0599975585938,585.3499755859375,573.4099731445312,573.5499877929688,3466000
1710374400,578.0,579.5399780273438,568.760009765625,570.4500122070312,5908100
1710460800,499.6400146484375,503.1300048828125,485.0,492.4599914550781,19570500
1710720000,495.54998779296875,515.72998046875,495.54998779296875,513.8599853515625,7052700
1710806400,509.8900146484375,522.6799926757812,508.989990234375,521.1900024414062,7081800
1710892800,523.2899780273438,523.8699951171875,512.5,519.1400146484375,4239600
1710979200,517.5999755859375,519.72998046875,506.20001220703125,511.25,5206600
1711065600,509.07000732421875,511.5899963378906,496.6700134277344,499.5199890136719,5410300
1711324800,496.7900085449219,510.6300048828125,496.69000244140625,507.2300109863281,4277000
1711411200,508.05999755859375,512.7899780273438,503.5899963378906,507.6000061035156,2813300
1711497600,515.469970703125,516.8599853515625,499.70001220703125,504.3999938964844,4228400
1711584000,508.1199951171875,509.0,500.260009765625,504.6000061035156,3897000
1711929600,504.989990234375,506.9200134277344,499.30999755859375,502.0899963378906,2056000
1712016000,494.3999938964844,500.75,491.3399963378906,499.2099914550781,3083300
1712102400,497.3599853515625,498.8599853515625,494.7099914550781,497.010009765625,2604400
1712188800,503.55999755859375,504.1099853515625,486.70001220703125,487.1099853515625,3403300
1712275200,488.8399963378906,490.0899963378906,481.2799987792969,485.1199951171875,4971800
1712534400,484.7799987792969,486.9800109863281,477.2300109863281,484.2799987792969,3439200
1712620800,486.0,493.30999755859375,483.30999755859375,492.54998779296875,2548600
1712707200,489.3900146484375,491.7699890136719,480.2799987792969,487.2200012207031,2487900
1712793600,487.3599853515625,488.6700134277344,479.739990234375,484.2799987792969,2978500
1712880000,477.95001220703125,478.7799987792969,468.6000061035156,474.0899963378906,5620000
1713139200,477.0199890136719,478.5199890136719,468.3500061035156,470.1000061035156,3353200
1713225600,470.0,478.9800109863281,468.489990234375,476.2200012207031,2660100
1713312000,477.30999755859375,481.0199890136719,472.69000244140625,474.45001220703125,2034800
1713398400,476.760009765625,477.6099853515625,471.8299865722656,473.17999267578125,2389700
1713484800,476.5400085449219,476.5799865722656,463.0899963378906,465.0199890136719,3280600
1713744000,470.2200012207031,471.5,462.2799987792969,466.8900146484375,2604300
1713830400,469.7200012207031,474.80999755859375,467.8299865722656,472.8999938964844,2205800
1713916800,472.94000244140625,478.57000732421875,471.7300109863281,477.1199951171875,2338000
1714003200,468.4100036621094,474.5,465.7799987792969,473.44000244140625,2250900
1714089600,472.30999755859375,482.7900085449219,471.69000244140625,477.55999755859375,2460300
1714348800,478.0400085449219,481.67999267578125,471.07000732421875,473.07000732421875,2954700
1714435200,472.0,475.4200134277344,462.4599914550781,462.8299865722656,3222600
1714521600,461.1199951171875,477.760009765625,460.3599853515625,469.3900146484375,2490200
1714608000,474.29998779296875,477.1600036621094,468.29998779296875,476.57000732421875,2516400
1714694400,482.2699890136719,487.489990234375,477.57000732421875,486.17999267578125,2833200
1714953600,490.1000061035156,495.44000244140625,488.0,493.5899963378906,2104000
1715040000,492.510009765625,496.760009765625,489.1400146484375,492.2699890136719,2518300
1715126400,489.9700012207031,495.80999755859375,486.9200134277344,488.1000061035156,2165000
1715212800,489.4100036621094,490.44000244140625,481.6499938964844,482.6499938964844,2301600
1715299200,483.5,489.4800109863281,480.29998779296875,482.2900085449219,2741100
1715558400,486.239990234375,490.1600036621094,481.7099914550781,483.1099853515625,2458200
1715644800,480.4100036621094,481.79998779296875,466.4800109863281,475.95001220703125,4287800
1715731200,480.760009765625,489.6099853515625,476.6099853515625,485.3500061035156,3491600
1715817600,484.70001220703125,486.2300109863281,481.3900146484375,482.8800048828125,2562900
1715904000,483.32000732421875,485.8800048828125,481.5199890136719,483.42999267578125,2260900
1716163200,483.0,485.3699951171875,478.32000732421875,484.69000244140625,1881100
1716249600,481.19000244140625,487.5,477.1199951171875,481.8500061035156,1915800
1716336000,483.9700012207031,485.6700134277344,479.1400146484375,483.92999267578125,1875800
1716422400,488.3800048828125,491.67999267578125,478.69000244140625,483.30999755859375,2219900
1716508800,481.25,485.3800048828125,473.8999938964844,475.42999267578125,3083700
1716854400,473.010009765625,478.6700134277344,469.6000061035156,478.42999267578125,2575300
1716940800,472.7799987792969,482.7900085449219,472.6000061035156,477.6000061035156,2214800
1717027200,464.8999938964844,466.82000732421875,444.8399963378906,445.8699951171875,5606900
1717113600,447.7200012207031,448.2300109863281,433.9700012207031,444.760009765625,7487500
1717372800,447.5799865722656,449.8399963378906,436.5799865722656,439.0199890136719,3967700
1717459200,442.82000732421875,450.1199951171875,441.5899963378906,448.3699951171875,3183600
1717545600,449.19000244140625,458.6000061035156,448.3699951171875,455.79998779296875,3295000
1717632000,457.70001220703125,467.8500061035156,456.8699951171875,458.1300048828125,3235000
1717718400,458.1300048828125,468.92999267578125,458.1300048828125,465.42999267578125,2684200
1717977600,453.8399963378906,462.2300109863281,451.510009765625,459.94000244140625,3212400
1718064000,456.9100036621094,462.739990234375,455.5,462.69000244140625,2723700
1718150400,470.0,471.1199951171875,459.1600036621094,459.8699951171875,3647400
1718236800,457.8699951171875,462.3900146484375,453.5,458.739990234375,8558000
1718323200,530.25,534.4500122070312,521.8800048828125,525.3099975585938,14846600
1718582400,525.510009765625,525.9400024414062,505.3800048828125,518.739990234375,7163800
1718668800,514.7100219726562,530.3699951171875,513.1300048828125,522.25,4225900
1718841600,528.6099853515625,533.22998046875,520.400390625,522.9500122070312,5213560
