1577923200,326.1000061035156,329.9800109863281,324.7799987792969,329.80999755859375,4485800
1578009600,326.7799987792969,329.8599853515625,325.5299987792969,325.8999938964844,3806900
1578268800,323.1199951171875,336.3599853515625,321.20001220703125,335.8299865722656,5663100
1578355200,336.4700012207031,336.70001220703125,330.29998779296875,330.75,4703200
1578441600,331.489990234375,342.70001220703125,331.04998779296875,339.260009765625,7104500
1578528000,342.0,343.4200134277344,334.6099853515625,335.6600036621094,4709300
1578614400,337.1300048828125,338.5,327.2699890136719,329.04998779296875,4718300
1578873600,331.79998779296875,340.8500061035156,331.510009765625,338.9200134277344,6290000
1578960000,344.3999938964844,345.3800048828125,335.5199890136719,338.69000244140625,7199400
1579046400,338.67999267578125,343.1700134277344,336.6000061035156,339.07000732421875,5158000
1579132800,343.5,343.55999755859375,335.8500061035156,338.6199951171875,5016000
1579219200,341.0,341.57000732421875,337.3800048828125,339.6700134277344,6066500
1579564800,340.0,341.0,332.5899963378906,338.1099853515625,14350300
1579651200,332.54998779296875,336.29998779296875,323.6000061035156,326.0,21730000
1579737600,326.0400085449219,349.8800048828125,325.010009765625,349.6000061035156,18200300
1579824000,348.4599914550781,359.8500061035156,345.8800048828125,353.1600036621094,17939700
1580083200,345.95001220703125,351.8999938964844,341.0199890136719,342.8800048828125,7709500
1580169600,345.8800048828125,352.3999938964844,342.7799987792969,348.5199890136719,6821600
1580256000,349.0,349.3999938964844,338.54998779296875,343.1600036621094,7643500
1580342400,341.1000061035156,348.20001220703125,339.25,347.739990234375,5328100
1580428800,347.3900146484375,347.3900146484375,340.9800109863281,345.0899963378906,5230000
1580688000,347.239990234375,359.6300048828125,346.2799987792969,358.0,6670600
1580774400,361.0,369.57000732421875,356.1000061035156,369.010009765625,7161500
1580860800,375.1300048828125,375.25,362.29998779296875,369.6700134277344,6437000
1580947200,369.6000061035156,371.54998779296875,362.510009765625,366.95001220703125,3920400
1581033600,365.0400085449219,371.79998779296875,363.57000732421875,366.7699890136719,4385200
1581292800,365.0,374.79998779296875,362.5199890136719,371.07000732421875,5294100
1581379200,373.75,378.1099853515625,369.7200012207031,373.69000244140625,4772900
1581465600,377.17999267578125,380.6199951171875,375.8800048828125,380.010009765625,4624800
1581552000,376.9599914550781,385.3699951171875,376.510009765625,381.3999938964844,4485400
1581638400,381.4700012207031,385.1499938964844,379.42999267578125,380.3999938964844,3736300
1581984000,379.29998779296875,389.5400085449219,379.19000244140625,387.7799987792969,5173900
1582070400,388.1199951171875,392.95001220703125,384.8999938964844,386.19000244140625,4896400
1582156800,386.55999755859375,389.70001220703125,376.67999267578125,386.0,4079400
1582243200,385.3299865722656,387.32000732421875,377.8999938964844,380.07000732421875,3930100
1582502400,364.760009765625,372.82000732421875,361.0,368.70001220703125,6936400
1582588800,372.0,375.6499938964844,357.7200012207031,360.0899963378906,6481200
1582675200,366.30999755859375,382.0,365.0,379.239990234375,8934100
1582761600,371.4599914550781,391.55999755859375,370.6000061035156,371.7099914550781,10967700
1582848000,364.2099914550781,376.7699890136719,356.79998779296875,369.0299987792969,11168600
1583107200,373.1099853515625,381.3599853515625,364.5,381.04998779296875,6997900
1583193600,381.0299987792969,393.5199890136719,367.3999938964844,368.7699890136719,8364600
1583280000,377.7699890136719,384.010009765625,370.510009765625,383.7900085449219,5487300
1583366400,381.0,391.3999938964844,368.6400146484375,372.7799987792969,8747000
1583452800,367.70001220703125,371.30999755859375,356.8500061035156,368.9700012207031,8147200
1583712000,343.8599853515625,357.4700012207031,341.7200012207031,346.489990234375,7405500
1583798400,356.42999267578125,364.5400085449219,347.8500061035156,364.1300048828125,7604400
1583884800,358.9200134277344,362.9800109863281,344.7900085449219,349.9200134277344,6036000
1583971200,326.5,335.7200012207031,307.32000732421875,315.25,12071600
1584057600,330.510009765625,336.4200134277344,307.3900146484375,336.29998779296875,9458200
1584316800,306.6300048828125,334.3500061035156,294.75,298.8399963378906,10559900
1584403200,306.19000244140625,322.8999938964844,290.25,319.75,10013900
1584489600,302.3999938964844,331.5799865722656,300.0,315.4700012207031,12593600
1584576000,324.3299865722656,348.510009765625,316.82000732421875,332.0299987792969,10616000
1584662400,342.30999755859375,350.489990234375,332.0,332.8299865722656,10853800
1584921600,347.8900146484375,366.1099853515625,340.8800048828125,360.2699890136719,13449400
1585008000,369.989990234375,372.92999267578125,353.0299987792969,357.32000732421875,11638700
1585094400,361.0199890136719,362.0,339.1700134277344,342.3900146484375,8767200
1585180800,344.0,363.8399963378906,341.7300109863281,362.989990234375,7229600
1585267200,359.0899963378906,368.55999755859375,353.0,357.1199951171875,7948800
1585526400,363.0,377.79998779296875,361.1700134277344,370.9599914550781,8622000
1585612800,367.92999267578125,383.010009765625,366.44000244140625,375.5,9366500
1585699200,376.04998779296875,380.2300109863281,361.0199890136719,364.0799865722656,6672500
1585785600,364.0799865722656,370.989990234375,360.05999755859375,370.0799865722656,4592500
1585872000,367.4700012207031,370.8999938964844,357.510009765625,361.760009765625,4860800
1586131200,365.2200012207031,380.2900085449219,361.7099914550781,379.9599914550781,8183900
1586217600,380.0,381.3299865722656,369.3399963378906,372.2799987792969,7046400
1586304000,374.010009765625,378.3900146484375,368.30999755859375,371.1199951171875,6908900
1586390400,371.05999755859375,372.1000061035156,363.0299987792969,370.7200012207031,7711300
1586736000,371.30999755859375,400.510009765625,367.70001220703125,396.7200012207031,11692900
1586822400,397.5,417.82000732421875,394.8500061035156,413.54998779296875,11581000
1586908800,413.0,434.9800109863281,412.25,426.75,13561200
1586995200,437.0,449.5199890136719,431.6099853515625,439.1700134277344,16128700
1587081600,431.0,432.0,414.70001220703125,422.9599914550781,12616300
1587340800,435.1700134277344,444.489990234375,430.55999755859375,437.489990234375,12655800
1587427200,444.7699890136719,447.0,425.6000061035156,433.8299865722656,23177600
1587513600,429.7300109863281,433.0,413.0,421.4200134277344,21084800
1587600000,419.260009765625,438.4100036621094,419.260009765625,426.70001220703125,13952300
1587686400,425.0,427.1700134277344,415.8800048828125,424.989990234375,8658900
1587945600,425.0,429.0,420.8399963378906,421.3800048828125,6277500
1588032000,419.989990234375,421.0,402.9100036621094,403.8299865722656,10101200
1588118400,399.5299987792969,415.8599853515625,393.6000061035156,411.8900146484375,9693100
1588204800,410.30999755859375,424.44000244140625,408.0,419.8500061035156,7954000
1588291200,415.1000061035156,427.9700012207031,411.7300109863281,415.2699890136719,8299900
1588550400,417.7799987792969,428.5400085449219,414.8699951171875,428.1499938964844,7799100
1588636800,427.55999755859375,431.0,421.55999755859375,424.67999267578125,6286300
1588723200,429.29998779296875,439.7699890136719,426.3900146484375,434.260009765625,6660700
1588809600,436.8900146484375,438.8800048828125,430.6600036621094,436.5299987792969,5641900
1588896000,434.1400146484375,442.0,433.6400146484375,435.54998779296875,5049300
1589155200,436.3299865722656,444.8900146484375,435.55999755859375,440.5199890136719,5486000
1589241600,442.0,444.1700134277344,431.3599853515625,431.82000732421875,4598200
1589328000,435.69000244140625,447.0,427.2699890136719,438.2699890136719,7014600
1589414400,444.8999938964844,452.3800048828125,432.82000732421875,441.95001220703125,9007500
1589500800,440.70001220703125,455.0,437.510009765625,454.19000244140625,7244000
1589760000,451.1600036621094,456.3599853515625,443.3500061035156,452.5799865722656,7773500
1589846400,453.3999938964844,458.9700012207031,450.4700012207031,451.0400085449219,4810500
1589932800,454.25,455.80999755859375,444.0,447.6700134277344,5607300
1590019200,448.55999755859375,448.9599914550781,430.25,436.25,9117300
1590105600,437.0,439.0899963378906,427.17999267578125,429.32000732421875,5422300
1590451200,427.7699890136719,428.5,413.1400146484375,414.7699890136719,7881100
1590537600,410.3800048828125,420.0199890136719,397.8599853515625,419.8900146484375,10446300
1590624000,417.239990234375,422.3699951171875,411.5,413.44000244140625,5655100
1590710400,417.4599914550781,420.29998779296875,411.8500061035156,419.7300109863281,5254900
1590969600,418.8299865722656,426.7200012207031,415.9800109863281,425.9200134277344,3743700
1591056000,425.8699951171875,427.5899963378906,419.4599914550781,427.30999755859375,3494800
1591142400,426.95001220703125,427.1000061035156,418.04998779296875,421.9700012207031,4316000
1591228800,422.3900146484375,428.7099914550781,410.0299987792969,414.3299865722656,5410500
1591315200,407.2900085449219,420.239990234375,404.25,419.6000061035156,5099600
1591574400,416.0,420.79998779296875,406.5,419.489990234375,5851500
1591660800,421.6499938964844,434.7300109863281,420.30999755859375,434.04998779296875,6797000
1591747200,436.0,439.69000244140625,430.54998779296875,434.4800109863281,4896900
1591833600,428.20001220703125,445.57000732421875,424.1600036621094,425.55999755859375,7462900
1591920000,429.0,434.05999755859375,412.45001220703125,418.07000732421875,6461100
1592179200,421.3999938964844,426.489990234375,415.4200134277344,425.5,4467900
1592265600,425.760009765625,437.9599914550781,425.17999267578125,436.1300048828125,5507900
1592352000,441.82000732421875,450.4599914550781,439.2200012207031,447.7699890136719,6529600
1592438400,448.7300109863281,452.760009765625,442.79998779296875,449.8699951171875,4277600
1592524800,449.1199951171875,453.9700012207031,445.6000061035156,453.7200012207031,5934500
1592784000,455.010009765625,468.5899963378906,454.2099914550781,468.0400085449219,6272100
1592870400,466.5,474.010009765625,464.5,466.260009765625,5948400
1592956800,468.5400085449219,472.3599853515625,454.0,457.8500061035156,4826200
1593043200,458.8599853515625,467.010009765625,454.0,465.9100036621094,4134500
1593129600,466.3900146484375,468.0299987792969,442.239990234375,443.3999938964844,6804700
1593388800,445.2300109863281,447.6700134277344,432.1400146484375,447.239990234375,4844000
1593475200,450.0199890136719,457.5899963378906,447.0,455.0400085449219,4198500
1593561600,454.0,488.2300109863281,454.0,485.6400146484375,9705900
1593648000,485.6400146484375,492.2799987792969,475.5299987792969,476.8900146484375,6351500
1593993600,480.7699890136719,499.5,479.79998779296875,493.80999755859375,7839000
1594080000,497.30999755859375,504.82000732421875,490.8299865722656,493.1600036621094,5669900
1594166400,498.5799865722656,505.1000061035156,493.80999755859375,502.7799987792969,5691700
1594252800,508.3999938964844,510.0,495.7799987792969,507.760009765625,5840500
1594339200,519.72998046875,555.8800048828125,511.2799987792969,548.72998046875,21605600
1594598400,567.97998046875,575.3699951171875,520.9600219726562,525.5,18399000
1594684800,517.0800170898438,525.5,490.489990234375,524.8800048828125,15083300
1594771200,516.2999877929688,529.0,510.17999267578125,523.260009765625,10066700
1594857600,526.47998046875,535.5399780273438,504.3599853515625,527.3900146484375,24499000
1594944000,494.8699951171875,503.5899963378906,484.1400146484375,492.989990234375,24991400
1595203200,489.1400146484375,504.5,484.20001220703125,502.4100036621094,11940300
1595289600,506.0,506.2200012207031,488.6099853515625,490.1000061035156,9113700
1595376000,492.19000244140625,497.20001220703125,487.20001220703125,489.82000732421875,6954100
1595462400,491.1300048828125,491.8999938964844,472.0199890136719,477.5799865722656,7722000
1595548800,468.7699890136719,487.1700134277344,467.5400085449219,480.45001220703125,7746200
1595808000,484.510009765625,496.9200134277344,482.30999755859375,495.6499938964844,7863100
1595894400,496.0199890136719,497.7900085449219,487.760009765625,488.510009765625,5986700
1595980800,492.25,494.9200134277344,484.1300048828125,484.4800109863281,6611800
1596067200,480.7099914550781,488.3500061035156,477.510009765625,485.79998779296875,6608600
1596153600,488.2900085449219,494.79998779296875,484.5,488.8800048828125,5916300
1596412800,490.8599853515625,503.0899963378906,490.2300109863281,498.6199951171875,5873100
1596499200,498.6499938964844,510.44000244140625,498.6499938964844,509.6400146484375,5608000
1596585600,508.67999267578125,510.1000061035156,501.20001220703125,502.1099853515625,4308200
1596672000,504.1099853515625,510.82000732421875,498.70001220703125,509.0799865722656,3725900
1596758400,505.45001220703125,508.2900085449219,486.67999267578125,494.7300109863281,5910300
1597017600,493.3500061035156,497.4599914550781,478.6300048828125,483.3800048828125,4691200
1597104000,479.75,480.9200134277344,466.54998779296875,466.92999267578125,7329200
1597190400,471.3399963378906,482.489990234375,470.17999267578125,475.4700012207031,5439200
1597276800,478.3999938964844,484.45001220703125,476.45001220703125,481.3299865722656,3008900
1597363200,482.82000732421875,488.3299865722656,480.2099914550781,482.67999267578125,2943500
1597622400,484.19000244140625,486.239990234375,479.1000061035156,482.3500061035156,2423500
1597708800,484.3500061035156,495.29998779296875,482.79998779296875,491.8699951171875,3505500
1597795200,493.92999267578125,494.5,483.5,484.5299987792969,3156200
1597881600,484.69000244140625,498.94000244140625,483.8900146484375,497.8999938964844,5132500
1597968000,496.4599914550781,498.1300048828125,490.0,492.30999755859375,3921300
1598227200,495.44000244140625,501.0,483.1600036621094,488.80999755859375,4762200
1598313600,488.19000244140625,492.4700012207031,485.0899963378906,490.5799865722656,5727700
1598400000,492.5,549.0399780273438,492.0799865722656,547.530029296875,20373700
1598486400,537.780029296875,541.0,521.25,526.27001953125,9062900
1598572800,532.0,539.0,522.0,523.8900146484375,4417500
1598832000,521.1599731445312,531.989990234375,517.5800170898438,529.5599975585938,4941400
1598918400,532.5999755859375,557.3900146484375,532.4500122070312,556.5499877929688,9572700
1599004800,553.780029296875,556.5,537.3699951171875,552.8400268554688,5886900
1599091200,545.0,554.0,521.3200073242188,525.75,9071100
1599177600,520.1799926757812,527.3599853515625,485.9800109863281,516.0499877929688,8270100
1599523200,498.3999938964844,522.0,495.0,507.0199890136719,5572700
1599609600,519.2100219726562,520.0,492.57000732421875,500.19000244140625,6848100
1599696000,503.3500061035156,506.2900085449219,478.8399963378906,480.6700134277344,6240200
1599782400,486.489990234375,493.7300109863281,476.80999755859375,482.0299987792969,5035200
1600041600,480.6199951171875,488.989990234375,471.29998779296875,476.260009765625,7359100
1600128000,484.0,497.4700012207031,481.6300048828125,495.989990234375,5337000
1600214400,499.989990234375,504.6600036621094,483.30999755859375,483.8599853515625,4394900
1600300800,475.1600036621094,478.3999938964844,463.2699890136719,470.20001220703125,5379300
1600387200,472.510009765625,479.3999938964844,458.6000061035156,469.9599914550781,6717700
1600646400,467.69000244140625,487.7799987792969,466.32000732421875,487.3500061035156,5457500
1600732800,489.010009765625,491.82000732421875,479.260009765625,491.1700134277344,3482300
1600819200,491.0400085449219,491.0400085449219,469.0,470.6099853515625,3726400
1600905600,470.5299987792969,477.0,467.82000732421875,473.0799865722656,3727200
1600992000,474.3900146484375,484.8699951171875,468.0299987792969,482.8800048828125,3769400
1601251200,489.1099853515625,492.0,477.8800048828125,490.6499938964844,4773500
1601337600,489.5,496.2900085449219,486.5299987792969,493.4800109863281,3541500
1601424000,492.57000732421875,504.6300048828125,489.2699890136719,500.0299987792969,4634100
1601510400,506.0299987792969,529.5499877929688,503.6000061035156,527.510009765625,8153700
1601596800,516.4299926757812,526.3699951171875,502.70001220703125,503.05999755859375,6071200
1601856000,506.79998779296875,520.989990234375,501.70001220703125,520.6500244140625,4088100
1601942400,518.719970703125,521.8200073242188,504.1600036621094,505.8699951171875,4199000
1602028800,518.0,536.489990234375,515.8200073242188,534.6599731445312,7988700
1602115200,533.47998046875,535.0,524.1500244140625,531.7899780273438,5386500
1602201600,537.8300170898438,544.280029296875,535.0,539.4400024414062,4781300
1602460800,548.8099975585938,551.8099975585938,538.239990234375,539.8099975585938,5391100
1602547200,540.5599975585938,557.6500244140625,537.2000122070312,554.0900268554688,5602500
1602633600,562.6099853515625,572.489990234375,541.0,541.4500122070312,9499000
1602720000,545.52001953125,551.219970703125,535.0999755859375,541.9400024414062,5113100
1602806400,549.5,554.3300170898438,530.030029296875,530.7899780273438,6347400
1603065600,537.0700073242188,541.7999877929688,525.3800048828125,530.719970703125,7567500
1603152000,528.1400146484375,533.780029296875,522.260009765625,525.4199829101562,10047200
1603238400,501.0299987792969,506.8500061035156,488.25,489.04998779296875,17405700
1603324800,494.69000244140625,495.1400146484375,482.0,485.2300109863281,6997900
1603411200,488.1099853515625,490.05999755859375,481.3500061035156,488.2799987792969,4927900
1603670400,487.0299987792969,496.82000732421875,478.8999938964844,488.239990234375,6186100
1603756800,490.010009765625,490.489990234375,482.92999267578125,488.92999267578125,3627200
1603843200,486.3599853515625,494.0,483.2799987792969,486.239990234375,5992700
1603929600,488.5,513.9000244140625,479.3399963378906,504.2099914550781,11120700
1604016000,502.010009765625,505.8800048828125,472.2099914550781,475.739990234375,7807900
1604275200,478.8699951171875,486.29998779296875,475.0,484.1199951171875,4408200
1604361600,484.92999267578125,495.30999755859375,478.760009765625,487.2200012207031,3690200
1604448000,495.3599853515625,507.7300109863281,493.9800109863281,496.95001220703125,5137300
1604534400,506.55999755859375,518.72998046875,503.45001220703125,513.760009765625,5372800
1604620800,515.0,515.2100219726562,502.510009765625,514.72998046875,4236300
1604880000,485.5400085449219,495.8500061035156,467.260009765625,470.5,10419700
1604966400,470.95001220703125,484.6000061035156,463.4100036621094,480.239990234375,8306100
1605052800,483.0,491.67999267578125,478.260009765625,490.760009765625,5460500
1605139200,491.0,496.5199890136719,480.42999267578125,486.7699890136719,5063700
1605225600,486.7699890136719,488.94000244140625,477.79998779296875,482.8399963378906,3002700
1605484800,480.0,485.5799865722656,477.29998779296875,479.1000061035156,3953600
1605571200,480.1199951171875,487.510009765625,478.8500061035156,480.6300048828125,3698100
1605657600,481.95001220703125,488.6099853515625,477.7200012207031,481.7900085449219,3629200
1605744000,482.0,487.79998779296875,480.4700012207031,484.6700134277344,2254700
1605830400,485.2200012207031,494.760009765625,481.57000732421875,488.239990234375,4253400
1606089600,490.4599914550781,491.1499938964844,475.8399963378906,476.6199951171875,5416600
1606176000,478.8399963378906,484.04998779296875,475.8900146484375,482.8800048828125,3550500
1606262400,485.1300048828125,486.8999938964844,478.9200134277344,485.0,3598600
1606435200,486.5799865722656,493.25,481.8500061035156,491.3599853515625,2805800
1606694400,490.0799865722656,492.54998779296875,481.2699890136719,490.70001220703125,3530900
1606780800,492.3399963378906,509.4700012207031,491.9800109863281,504.5799865722656,5052700
1606867200,501.6199951171875,506.79998779296875,493.5,503.3800048828125,3028400
1606953600,502.989990234375,508.7699890136719,496.0400085449219,497.5199890136719,2826100
1607040000,497.5,504.5,493.6400146484375,498.30999755859375,3666200
1607299200,500.010009765625,517.760009765625,497.7699890136719,515.780029296875,4289300
1607385600,517.9000244140625,521.489990234375,505.54998779296875,512.6599731445312,4229000
1607472000,510.5299987792969,514.5,491.2900085449219,493.6000061035156,4178800
1607558400,494.55999755859375,503.7699890136719,492.9100036621094,501.0899963378906,3018200
1607644800,495.0,503.3399963378906,494.8500061035156,503.2200012207031,3210900
1607904000,505.44000244140625,524.1599731445312,501.17999267578125,522.4199829101562,5770400
1607990400,518.5,524.7000122070312,513.5599975585938,519.780029296875,3394900
1608076800,520.1099853515625,527.3800048828125,517.6900024414062,524.8300170898438,3682400
1608163200,529.0,535.489990234375,526.4400024414062,532.9000244140625,3193400
1608249600,533.2000122070312,536.3699951171875,526.02001953125,534.4500122070312,4502700
1608508800,530.0499877929688,532.6199951171875,521.1500244140625,528.9099731445312,3894000
1608595200,527.6900024414062,530.4000244140625,520.5,527.3300170898438,1906600
1608681600,524.760009765625,526.3200073242188,514.2000122070312,514.47998046875,2393200
1608768000,515.1199951171875,519.3499755859375,512.2100219726562,513.969970703125,1144000
1609113600,516.4299926757812,523.6599731445312,507.1300048828125,519.1199951171875,2891900
1609200000,519.9000244140625,536.5499877929688,515.47998046875,530.8699951171875,4022400
1609286400,530.1300048828125,533.260009765625,523.6900024414062,524.5900268554688,1876300
1609372800,525.530029296875,545.5,523.1500244140625,540.72998046875,5392300
1609718400,539.0,540.7999877929688,515.0900268554688,522.8599853515625,4444400
1609804800,521.5499877929688,526.780029296875,515.8900146484375,520.7999877929688,3133900
1609891200,511.9700012207031,513.0999755859375,499.5,500.489990234375,5346200
1609977600,508.2799987792969,516.4400024414062,506.4200134277344,508.8900146484375,3686400
1610064000,511.30999755859375,513.239990234375,504.510009765625,510.3999938964844,2973900
1610323200,507.8399963378906,510.7300109863281,497.95001220703125,499.1000061035156,3806200
1610409600,500.0,501.0899963378906,485.6700134277344,494.25,5990400
1610496000,495.5,512.3499755859375,493.010009765625,507.7900085449219,5032100
1610582400,507.3500061035156,514.5,499.5799865722656,500.8599853515625,4177400
1610668800,500.0,506.32000732421875,495.1000061035156,497.9800109863281,5895800
1611014400,501.0,509.25,493.5400085449219,501.7699890136719,12315800
1611100800,565.4199829101562,593.2899780273438,556.8599853515625,586.3400268554688,32637500
1611187200,582.4500122070312,588.75,570.4000244140625,579.8400268554688,11802100
1611273600,582.0999755859375,583.989990234375,564.3499755859375,565.1699829101562,7550800
1611532800,567.0,569.75,548.6500244140625,556.780029296875,7207300
1611619200,554.72998046875,567.989990234375,554.0599975585938,561.9299926757812,5023800
1611705600,550.7100219726562,556.4199829101562,515.72998046875,523.280029296875,8670300
1611792000,535.8800048828125,553.1500244140625,530.739990234375,538.5999755859375,5969000
1611878400,538.0,541.0,530.1799926757812,532.3900146484375,4325300
1612137600,536.7899780273438,545.0599975585938,531.72998046875,539.0399780273438,3547500
1612224000,542.010009765625,555.47998046875,538.9299926757812,548.1599731445312,3767600
1612310400,550.1699829101562,550.47998046875,538.239990234375,539.4500122070312,3172300
1612396800,539.8099975585938,559.47998046875,537.510009765625,552.1599731445312,5164500
1612483200,552.260009765625,554.4400024414062,545.47998046875,550.7899780273438,2376200
1612742400,555.0,555.0,543.7000122070312,547.9199829101562,2791700
1612828800,546.0,566.0,543.0,559.0700073242188,3703500
1612915200,562.5,566.6500244140625,553.4600219726562,563.5900268554688,3991300
1613001600,564.4400024414062,565.9299926757812,554.219970703125,557.5900268554688,2730600
1613088000,556.9400024414062,561.25,550.8499755859375,556.52001953125,2197100
1613433600,557.2899780273438,563.6300048828125,552.72998046875,557.280029296875,2624100
1613520000,550.989990234375,555.25,543.030029296875,551.3400268554688,2069600
1613606400,549.0,550.0,538.22998046875,548.219970703125,2456200
1613692800,548.0,548.989990234375,538.8099975585938,540.219970703125,2841500
1613952000,534.989990234375,541.7899780273438,530.7899780273438,533.780029296875,3078600
1614038400,525.0,548.5399780273438,518.280029296875,546.1500244140625,4136500
1614124800,539.7999877929688,556.8499755859375,539.0700073242188,553.4099731445312,3245000
1614211200,550.27001953125,556.47998046875,535.75,546.7000122070312,4252900
1614297600,546.510009765625,553.0900268554688,538.0,538.8499755859375,3755600
1614556800,545.5700073242188,552.1400146484375,542.0,550.6400146484375,3041400
1614643200,553.3400268554688,556.989990234375,546.02001953125,547.8200073242188,3042200
1614729600,545.9299926757812,548.010009765625,517.8099975585938,520.7000122070312,5362400
1614816000,521.5,531.5,507.67999267578125,511.2900085449219,5034800
1614902400,511.9800109863281,517.760009765625,498.7900085449219,516.3900146484375,5070000
1615161600,514.4600219726562,518.8400268554688,492.8500061035156,493.3299865722656,3981800
1615248000,507.30999755859375,513.1099853515625,503.82000732421875,506.44000244140625,3470000
1615334400,513.5,518.969970703125,504.25,504.5400085449219,3771500
1615420800,512.2000122070312,530.239990234375,510.7099914550781,523.0599975585938,4714500
1615507200,512.5,526.510009765625,506.5899963378906,518.02001953125,3981700
1615766400,516.3200073242188,520.72998046875,508.0299987792969,520.25,3484300
1615852800,524.469970703125,533.4199829101562,523.2100219726562,524.030029296875,3238900
1615939200,522.0,528.3699951171875,514.2999877929688,524.4400024414062,2817400
1616025600,516.4000244140625,517.9000244140625,503.8500061035156,504.7900085449219,4094500
1616112000,504.9599914550781,513.1900024414062,501.6300048828125,512.1799926757812,4386400
1616371200,509.1300048828125,529.3099975585938,509.1300048828125,523.1099853515625,3360600
1616457600,529.8699951171875,543.1199951171875,529.4000244140625,535.0900268554688,5583500
1616544000,533.780029296875,534.4199829101562,520.0,520.8099975585938,4102200
1616630400,516.989990234375,518.530029296875,497.0,502.8599853515625,4926800
1616716800,502.82000732421875,508.7200012207031,496.67999267578125,508.04998779296875,3467800
1616976000,505.6600036621094,518.0,504.3999938964844,513.9500122070312,3330000
1617062400,510.510009765625,514.4099731445312,506.9100036621094,513.3900146484375,2418100
1617148800,515.6699829101562,528.1300048828125,515.4400024414062,521.6599731445312,3503100
1617235200,529.9299926757812,540.5,527.030029296875,539.4199829101562,3938600
1617580800,540.010009765625,542.8499755859375,529.22998046875,540.6699829101562,3355900
1617667200,544.8099975585938,554.1699829101562,543.2999877929688,544.530029296875,3474200
1617753600,543.5,549.6400146484375,541.4500122070312,546.989990234375,2151300
1617840000,551.1300048828125,556.9000244140625,547.5700073242188,554.5800170898438,4309800
1617926400,552.6900024414062,556.9000244140625,547.1099853515625,555.3099975585938,2894000
1618185600,551.0499877929688,557.97998046875,549.5800170898438,552.780029296875,2944100
1618272000,557.0,559.75,550.2999877929688,553.72998046875,2720300
1618358400,554.8699951171875,554.8699951171875,538.530029296875,540.02001953125,3740300
1618444800,544.1699829101562,553.489990234375,542.6599731445312,549.219970703125,3139100
1618531200,550.5399780273438,551.97998046875,539.510009765625,546.5399780273438,3209100
1618790400,546.9000244140625,556.4400024414062,545.530029296875,554.4400024414062,4288700
1618876800,554.4199829101562,563.5599975585938,546.2999877929688,549.5700073242188,11257600
1618963200,508.0,515.4600219726562,503.6000061035156,508.8999938964844,22897400
1619049600,513.8200073242188,513.9600219726562,500.54998779296875,508.7799987792969,9061100
1619136000,509.010009765625,509.70001220703125,500.70001220703125,505.54998779296875,7307700
1619395200,506.760009765625,510.4800109863281,503.0,510.29998779296875,4388800
1619481600,512.6199951171875,512.989990234375,504.5799865722656,505.54998779296875,3761300
1619568000,505.20001220703125,508.3999938964844,503.3399963378906,506.5199890136719,3193000
1619654400,507.6000061035156,509.2900085449219,499.0,509.0,5127800
1619740800,505.0,514.5499877929688,505.0,513.469970703125,4413200
1620000000,512.6500244140625,518.9500122070312,505.20001220703125,509.1099853515625,4091900
1620086400,510.7799987792969,511.6300048828125,496.7900085449219,503.17999267578125,4349500
1620172800,504.989990234375,507.7799987792969,494.6300048828125,496.0799865722656,3129400
1620259200,495.989990234375,499.54998779296875,491.3699951171875,499.54998779296875,3783700
1620345600,504.6199951171875,508.54998779296875,501.1199951171875,503.8399963378906,3132800
1620604800,502.0,503.1499938964844,486.1099853515625,486.69000244140625,5131600
1620691200,479.75,497.989990234375,478.6300048828125,495.0799865722656,4401000
1620777600,486.8299865722656,493.5400085449219,482.70001220703125,484.9800109863281,4121500
1620864000,489.1300048828125,490.7799987792969,482.7099914550781,486.6600036621094,2712500
1620950400,487.8599853515625,494.8500061035156,486.5899963378906,493.3699951171875,2882500
1621209600,485.5899963378906,492.7099914550781,482.80999755859375,488.94000244140625,2705200
1621296000,488.3999938964844,493.4800109863281,486.19000244140625,486.2799987792969,2350500
1621382400,481.6300048828125,488.57000732421875,478.5400085449219,487.70001220703125,3349900
1621468800,489.54998779296875,502.70001220703125,488.9800109863281,501.6700134277344,3721200
1621555200,503.1199951171875,505.3999938964844,497.260009765625,497.8900146484375,3322900
1621814400,501.04998779296875,504.25,499.510009765625,502.8999938964844,2412600
1621900800,506.0,506.3699951171875,499.2200012207031,501.3399963378906,2699500
1621987200,502.3399963378906,504.1400146484375,500.5,502.3599853515625,2465300
1622073600,501.79998779296875,505.1000061035156,498.5400085449219,503.8599853515625,3253800
1622160000,504.3999938964844,511.760009765625,502.5299987792969,502.80999755859375,2910300
1622505600,504.010009765625,505.4100036621094,497.739990234375,499.0799865722656,2482600
1622592000,499.82000732421875,503.2200012207031,495.82000732421875,499.239990234375,2269000
1622678400,495.19000244140625,496.6600036621094,487.25,489.42999267578125,3887400
1622764800,492.0,501.8599853515625,490.95001220703125,494.739990234375,3160500
1623024000,492.9200134277344,496.70001220703125,490.54998779296875,494.6600036621094,2791900
1623110400,497.0,498.82000732421875,489.3699951171875,492.3900146484375,2374000
1623196800,494.5,496.0899963378906,484.6499938964844,485.80999755859375,3055000
1623283200,487.1700134277344,490.2099914550781,482.1400146484375,487.2699890136719,4382900
1623369600,490.0,491.4100036621094,487.7799987792969,488.7699890136719,3124000
1623628800,489.67999267578125,503.5,486.9100036621094,499.8900146484375,4400200
1623715200,501.2300109863281,501.2300109863281,490.3999938964844,491.8999938964844,3104100
1623801600,495.0,496.4599914550781,486.2799987792969,492.4100036621094,3533200
1623888000,490.25,501.79998779296875,490.1499938964844,498.3399963378906,3198300
1623974400,496.3999938964844,504.489990234375,495.239990234375,500.7699890136719,5197600
1624233600,501.6400146484375,502.04998779296875,492.2799987792969,497.0,5277300
1624320000,498.5400085449219,513.5499877929688,495.79998779296875,508.82000732421875,5809300
1624406400,508.4800109863281,516.6300048828125,508.20001220703125,512.739990234375,3944800
1624492800,517.9600219726562,520.9600219726562,514.4000244140625,518.0599975585938,3361200
1624579200,528.8400268554688,533.0599975585938,525.0,527.0700073242188,5299100
1624838400,528.1199951171875,533.9400024414062,524.5599975585938,533.030029296875,2820200
1624924800,533.5499877929688,536.1300048828125,528.5700073242188,533.5,2314600
1625011200,534.0599975585938,534.3800048828125,526.8200073242188,528.2100219726562,2773400
1625097600,525.719970703125,537.0399780273438,525.719970703125,533.5399780273438,2805400
1625184000,535.5,538.5399780273438,529.3900146484375,533.97998046875,1975500
1625529600,533.0,542.8599853515625,533.0,541.6400146484375,2775100
1625616000,544.239990234375,544.6400146484375,531.6599731445312,535.9600219726562,2722500
1625702400,530.9299926757812,535.5,529.0900268554688,530.760009765625,3269000
1625788800,531.0,538.260009765625,528.5800170898438,535.97998046875,2777200
1626048000,540.2999877929688,540.6500244140625,532.9199829101562,537.3099975585938,1780700
1626134400,535.760009765625,545.3300170898438,535.760009765625,540.6799926757812,2751600
1626220800,541.010009765625,554.0999755859375,541.010009765625,547.9500122070312,4659500
1626307200,553.969970703125,557.5399780273438,538.2000122070312,542.9500122070312,5713900
1626393600,541.8099975585938,544.0599975585938,527.0499877929688,530.3099975585938,3442100
1626652800,526.0499877929688,534.9099731445312,522.239990234375,532.280029296875,3885800
1626739200,526.0700073242188,536.6400146484375,520.2999877929688,531.0499877929688,6930400
1626825600,526.1300048828125,530.989990234375,505.6099853515625,513.6300048828125,11906800
1626912000,510.2099914550781,513.6799926757812,507.0,511.7699890136719,4328100
1626998400,512.1599731445312,517.4099731445312,504.6600036621094,515.4099731445312,3820500
1627257600,514.3800048828125,521.1300048828125,509.010009765625,516.489990234375,2254500
1627344000,518.0800170898438,521.9500122070312,512.0499877929688,518.9099731445312,2759000
1627430400,521.8200073242188,524.469970703125,516.97998046875,519.2999877929688,2390500
1627516800,519.9600219726562,520.780029296875,513.7899780273438,514.25,1736000
1627603200,512.6900024414062,519.7899780273438,510.9599914550781,517.5700073242188,2537100
1627862400,519.0,519.8499755859375,510.510009765625,515.1500244140625,2096600
1627948800,514.3900146484375,515.6300048828125,505.3699951171875,510.82000732421875,2579400
1628035200,513.0,517.97998046875,510.3699951171875,517.3499755859375,2039400
1628121600,517.1300048828125,525.4099731445312,514.02001953125,524.8900146484375,2556700
1628208000,524.0,526.8400268554688,519.3900146484375,520.5499877929688,1919800
1628467200,521.1500244140625,522.6699829101562,517.989990234375,519.969970703125,1367800
1628553600,520.0,520.7899780273438,512.969970703125,515.8400268554688,1960500
1628640000,517.0,519.5700073242188,509.7699890136719,512.4000244140625,1673900
1628726400,511.8599853515625,513.0,507.20001220703125,510.7200012207031,1685700
1628812800,512.6400146484375,521.4400024414062,511.510009765625,515.9199829101562,2177700
1629072000,515.239990234375,523.3800048828125,512.2999877929688,517.9199829101562,2032800
1629158400,515.469970703125,520.7899780273438,514.2000122070312,518.9099731445312,2309800
1629244800,520.0,526.3800048828125,518.6500244140625,521.8699951171875,2582000
1629331200,522.739990234375,548.3900146484375,521.8699951171875,543.7100219726562,7497300
1629417600,545.0900268554688,551.3900146484375,539.0999755859375,546.8800048828125,3776400
1629676800,545.97998046875,555.5499877929688,543.739990234375,553.3300170898438,2602000
1629763200,551.47998046875,555.3099975585938,549.27001953125,553.4099731445312,2109500
1629849600,550.1599731445312,552.8400268554688,545.4500122070312,547.5800170898438,2065600
1629936000,546.1599731445312,552.5999755859375,545.9000244140625,550.1199951171875,1595500
1630022400,551.5999755859375,564.1699829101562,549.25,558.9199829101562,3252600
1630281600,557.25,567.1599731445312,556.4500122070312,566.1799926757812,2434800
1630368000,566.1199951171875,569.47998046875,561.6099853515625,569.1900024414062,2431900
1630454400,569.0,591.0,569.0,582.0700073242188,5626200
1630540800,583.6799926757812,598.760009765625,583.6799926757812,588.5499877929688,6179900
1630627200,585.7999877929688,591.8800048828125,583.1400146484375,590.530029296875,2681200
1630972800,594.6900024414062,613.8499755859375,593.989990234375,606.7100219726562,5821400
1631059200,603.8400268554688,615.5999755859375,595.7100219726562,606.0499877929688,5424500
1631145600,606.469970703125,609.4400024414062,596.5499877929688,597.5399780273438,2954200
1631232000,598.1599731445312,609.4500122070312,593.6699829101562,598.719970703125,3950800
1631491200,598.5700073242188,598.5700073242188,582.780029296875,589.2899780273438,3062900
1631577600,584.8900146484375,587.280029296875,575.5599975585938,577.760009765625,3457000
1631664000,578.1699829101562,584.6199951171875,575.3699951171875,582.8699951171875,2755600
1631750400,584.2999877929688,587.47998046875,577.719970703125,586.5,1832000
1631836800,587.8499755859375,590.280029296875,580.8499755859375,589.3499755859375,4145100
1632096000,586.7899780273438,591.530029296875,568.0800170898438,575.4299926757812,3732200
1632182400,578.3099975585938,581.8800048828125,569.3699951171875,573.1400146484375,2250900
1632268800,579.6900024414062,595.6500244140625,579.6900024414062,590.6500244140625,4021800
1632355200,590.7899780273438,599.3200073242188,589.1300048828125,593.260009765625,2526200
1632441600,592.5,592.97998046875,583.6400146484375,592.3900146484375,2126200
1632700800,587.9500122070312,593.5800170898438,576.9299926757812,592.6400146484375,2504700
1632787200,589.0,599.5399780273438,580.1599731445312,583.8499755859375,4431100
1632873600,589.010009765625,609.8800048828125,588.010009765625,599.0599975585938,6221000
1632960000,608.0499877929688,619.0,608.0499877929688,610.3400268554688,6612600
1633046400,604.239990234375,614.989990234375,597.510009765625,613.1500244140625,4090800
1633305600,613.3900146484375,626.1300048828125,594.6799926757812,603.3499755859375,4995900
1633392000,606.9400024414062,640.3900146484375,606.8900146484375,634.8099975585938,9534300
1633478400,628.1799926757812,639.8699951171875,626.3599853515625,639.0999755859375,4580400
1633564800,642.22998046875,646.8400268554688,630.4500122070312,631.8499755859375,3556900
1633651200,634.1699829101562,643.7999877929688,630.8599853515625,632.6599731445312,3272100
1633910400,633.2000122070312,639.4199829101562,626.780029296875,627.0399780273438,2862500
1633996800,633.02001953125,637.6599731445312,621.989990234375,624.9400024414062,3227300
1634083200,632.1799926757812,632.1799926757812,622.0999755859375,629.760009765625,2420300
1634169600,632.22998046875,636.8800048828125,626.7899780273438,633.7999877929688,2671700
1634256000,638.0,639.4199829101562,625.1599731445312,628.2899780273438,4116900
1634515200,632.0999755859375,638.4099731445312,620.5900268554688,637.969970703125,4669100
1634601600,636.969970703125,641.0,632.2999877929688,639.0,7633100
1634688000,625.5700073242188,637.4000244140625,617.1500244140625,625.1400146484375,10622000
1634774400,628.8900146484375,654.010009765625,628.6500244140625,653.1599731445312,8437100
1634860800,651.8099975585938,665.4600219726562,651.8099975585938,664.780029296875,6186000
1635120000,663.739990234375,675.8800048828125,657.0700073242188,671.6599731445312,3833500
1635206400,673.760009765625,676.489990234375,662.77001953125,668.52001953125,2904800
1635292800,669.0,671.4099731445312,661.8499755859375,662.9199829101562,2276900
1635379200,670.9500122070312,676.7999877929688,668.030029296875,674.0499877929688,2859400
1635465600,673.0599975585938,690.969970703125,671.239990234375,690.3099975585938,3825300
1635724800,689.0599975585938,689.969970703125,676.5399780273438,681.1699829101562,3110900
1635811200,683.1099853515625,687.6799926757812,673.8200073242188,677.719970703125,3888600
1635897600,677.27001953125,689.3900146484375,677.27001953125,688.2899780273438,2334900
1635984000,685.8900146484375,685.9400024414062,665.5,668.4000244140625,4865000
1636070400,663.969970703125,665.6400146484375,645.010009765625,645.719970703125,5283500
1636329600,650.2899780273438,656.0,643.7899780273438,651.4500122070312,2887500
1636416000,653.7000122070312,660.5,650.52001953125,655.989990234375,2415600
1636502400,653.010009765625,660.3300170898438,642.1099853515625,646.9099731445312,2405800
1636588800,650.239990234375,665.8200073242188,649.7100219726562,657.5800170898438,2868300
1636675200,660.010009765625,683.3400268554688,653.8200073242188,682.6099853515625,4198400
1636934400,681.239990234375,685.260009765625,671.489990234375,679.3300170898438,2872200
1637020800,678.27001953125,688.3599853515625,676.9000244140625,687.4000244140625,2077400
1637107200,690.0,700.989990234375,686.0900268554688,691.6900024414062,2732800
1637193600,691.6099853515625,691.739990234375,679.739990234375,682.02001953125,2012900
1637280000,692.3499755859375,694.1599731445312,675.0,678.7999877929688,2613700
1637539200,676.02001953125,679.47998046875,656.469970703125,659.2000122070312,2764400
1637625600,658.1799926757812,666.4299926757812,646.0499877929688,654.0599975585938,2320200
1637712000,658.010009765625,661.4400024414062,651.0999755859375,658.2899780273438,1867300
1637884800,675.0,676.4099731445312,660.6699829101562,665.6400146484375,2872500
1638144000,663.2000122070312,667.989990234375,658.2899780273438,663.8400268554688,2529400
1638230400,668.2000122070312,675.3800048828125,640.010009765625,641.9000244140625,5608900
1638316800,649.47998046875,654.52001953125,617.0700073242188,617.77001953125,3882800
1638403200,617.0999755859375,625.3599853515625,612.8800048828125,616.469970703125,3331100
1638489600,622.75,625.5,594.0,602.1300048828125,4829300
1638748800,606.010009765625,617.2899780273438,601.0,612.6900024414062,3075700
1638835200,619.8300170898438,628.8900146484375,611.4000244140625,625.5800170898438,3125200
1638921600,630.0,632.4600219726562,623.2000122070312,628.0800170898438,2220300
1639008000,627.5800170898438,630.239990234375,610.4400024414062,611.0,2376300
1639094400,616.780029296875,617.739990234375,605.8800048828125,611.6599731445312,2748800
1639353600,612.0,612.6400146484375,599.52001953125,604.5599975585938,2517900
1639440000,598.7100219726562,602.2899780273438,588.1300048828125,597.989990234375,2984500
1639526400,598.1799926757812,605.6900024414062,584.510009765625,605.0399780273438,2866200
1639612800,597.0900268554688,602.8300170898438,588.0,591.0599975585938,3143200
1639699200,591.6099853515625,593.25,581.739990234375,586.72998046875,4386900
1639958400,586.4299926757812,602.8800048828125,584.260009765625,593.739990234375,3358400
1640044800,597.5399780273438,607.8200073242188,593.8599853515625,604.9199829101562,2319400
1640131200,603.3599853515625,614.8200073242188,602.6300048828125,614.239990234375,2335700
1640217600,616.4000244140625,616.8800048828125,607.5700073242188,614.0900268554688,1621100
1640563200,615.0,615.0,609.25,613.1199951171875,2061500
1640649600,614.9500122070312,618.4099731445312,609.6900024414062,610.7100219726562,1882800
1640736000,610.7100219726562,613.97998046875,604.6799926757812,610.5399780273438,1287200
1640822400,612.989990234375,620.6099853515625,611.239990234375,612.0900268554688,1625100
1640908800,610.010009765625,614.0800170898438,602.0499877929688,602.4400024414062,1995900
1641168000,605.6099853515625,609.989990234375,590.5599975585938,597.3699951171875,3067500
1641254400,599.9099731445312,600.4099731445312,581.5999755859375,591.1500244140625,4393100
1641340800,592.0,592.8400268554688,566.8800048828125,567.52001953125,4148700
1641427200,554.3400268554688,563.3599853515625,542.010009765625,553.2899780273438,5711800
1641513600,549.4600219726562,553.4299926757812,538.219970703125,541.0599975585938,3382900
1641772800,538.489990234375,543.6900024414062,526.3200073242188,539.8499755859375,4486100
1641859200,536.989990234375,543.9099731445312,530.0700073242188,540.8400268554688,3077800
1641945600,544.27001953125,544.27001953125,532.02001953125,537.219970703125,3787400
1642032000,537.0599975585938,540.7899780273438,518.260009765625,519.2000122070312,4475100
1642118400,517.5999755859375,538.3699951171875,511.8800048828125,525.6900024414062,7861100
1642464000,520.0800170898438,521.75,508.67999267578125,510.79998779296875,4839100
1642550400,515.0,523.2100219726562,510.510009765625,515.8599853515625,4353500
1642636800,517.75,526.6400146484375,506.92999267578125,508.25,12659000
1642723200,400.42999267578125,409.1499938964844,379.989990234375,397.5,58904300
1642982400,383.9100036621094,387.260009765625,351.4599914550781,387.1499938964844,32346000
1643068800,379.1400146484375,387.7099914550781,365.1300048828125,366.4200134277344,15145800
1643155200,378.2699890136719,382.6600036621094,356.6199951171875,359.70001220703125,12684000
1643241600,382.05999755859375,394.79998779296875,378.1000061035156,386.70001220703125,24324700
1643328000,386.760009765625,387.0,372.0799865722656,384.3599853515625,11966600
1643587200,401.9700012207031,427.70001220703125,398.20001220703125,427.1400146484375,20047500
1643673600,432.9599914550781,458.4800109863281,425.5400085449219,457.1300048828125,22568100
1643760000,448.25,451.9800109863281,426.4800109863281,429.4800109863281,14346000
1643846400,421.44000244140625,429.260009765625,404.2799987792969,405.6000061035156,9905200
1643932800,407.30999755859375,412.7699890136719,396.6400146484375,410.1700134277344,7789800
1644192000,410.1700134277344,412.3500061035156,393.54998779296875,402.1000061035156,8232900
1644278400,398.17999267578125,406.6099853515625,395.8299865722656,403.5299987792969,6818500
1644364800,408.6499938964844,412.9800109863281,398.7900085449219,412.8900146484375,7738200
1644451200,402.1000061035156,408.0,396.3599853515625,406.2699890136719,8452900
1644537600,405.3299865722656,411.6099853515625,387.6499938964844,391.30999755859375,7558900
1644796800,387.5899963378906,409.3599853515625,386.8900146484375,396.57000732421875,7202200
1644883200,403.7900085449219,409.1600036621094,401.010009765625,407.4599914550781,5392300
1644969600,401.5299987792969,401.55999755859375,390.3800048828125,398.0799865722656,5277700
1645056000,394.239990234375,399.1099853515625,385.70001220703125,386.6700134277344,4669200
1645142400,392.5299987792969,402.8699951171875,389.04998779296875,391.2900085449219,6801700
1645488000,388.95001220703125,392.4200134277344,373.0199890136719,377.3800048828125,6697500
1645574400,382.7200012207031,386.0,366.6600036621094,367.4599914550781,4614300
1645660800,355.0899963378906,390.7300109863281,354.7200012207031,390.0299987792969,7068700
1645747200,386.6099853515625,391.2900085449219,375.5799865722656,390.79998779296875,4841600
1646006400,387.3299865722656,397.75,382.1300048828125,394.5199890136719,5035000
1646092800,391.6000061035156,395.0,383.7099914550781,386.239990234375,3290400
1646179200,388.92999267578125,389.2200012207031,375.2099914550781,380.0299987792969,5356800
1646265600,386.0,386.1199951171875,364.6499938964844,368.07000732421875,6076800
1646352000,368.0,374.82000732421875,357.1700134277344,361.7300109863281,5325500
1646611200,360.4100036621094,362.0,350.20001220703125,350.260009765625,5708400
1646697600,349.79998779296875,358.8599853515625,340.6700134277344,341.760009765625,6428700
1646784000,357.69000244140625,364.1400146484375,350.510009765625,358.7900085449219,6520200
1646870400,356.20001220703125,367.0199890136719,353.29998779296875,356.7699890136719,4807800
1646956800,361.19000244140625,363.3599853515625,340.0,340.32000732421875,4819900
1647216000,338.7200012207031,341.32000732421875,329.82000732421875,331.010009765625,5907800
1647302400,335.1000061035156,345.3599853515625,332.3599853515625,343.75,5460600
1647388800,348.20001220703125,359.989990234375,343.05999755859375,357.5299987792969,6982500
1647475200,359.70001220703125,373.30999755859375,354.8800048828125,371.3999938964844,5818300
1647561600,372.0,381.79998779296875,368.4700012207031,380.6000061035156,8324800
1647820800,378.0199890136719,381.82000732421875,368.94000244140625,374.5899963378906,4866500
1647907200,371.1400146484375,386.6600036621094,366.760009765625,382.9200134277344,4242800
1647993600,379.7699890136719,382.4599914550781,374.489990234375,374.489990234375,3729000
1648080000,379.760009765625,379.760009765625,368.8999938964844,375.7099914550781,3888500
1648166400,377.07000732421875,377.6400146484375,366.42999267578125,373.8500061035156,3574500
1648425600,375.2300109863281,380.2799987792969,366.7300109863281,378.510009765625,4323400
1648512000,384.3900146484375,396.5,380.3299865722656,391.82000732421875,5880700
1648598400,389.54998779296875,392.70001220703125,378.6300048828125,381.4700012207031,4023300
1648684800,383.5899963378906,384.0,373.6099853515625,374.5899963378906,4134700
1648771200,376.79998779296875,380.8699951171875,368.5,373.4700012207031,4644200
1649030400,373.54998779296875,396.0199890136719,373.1300048828125,391.5,7001800
1649116800,389.29998779296875,390.0,377.30999755859375,380.1499938964844,4234500
1649203200,374.1499938964844,376.4700012207031,362.7300109863281,368.3500061035156,4354900
1649289600,365.0,368.5400085449219,353.69000244140625,362.1499938964844,4948900
1649376000,361.9599914550781,362.5,354.8699951171875,355.8800048828125,4025200
1649635200,350.0,354.7799987792969,345.20001220703125,348.0,3777100
1649721600,355.9100036621094,359.4100036621094,342.25,344.1000061035156,3824300
1649808000,343.9200134277344,352.0,341.1600036621094,350.42999267578125,3231000
1649894400,350.95001220703125,352.0,339.8599853515625,341.1300048828125,4343800
1650240000,340.0,342.3599853515625,331.6199951171875,337.8599853515625,5105000
1650326400,333.2200012207031,351.67999267578125,333.2200012207031,348.6099853515625,20906900
1650412800,245.1999969482422,248.6999969482422,212.50999450683594,226.19000244140625,133387500
1650499200,220.0,227.67999267578125,211.52000427246094,218.22000122070312,53501600
1650585600,220.17999267578125,226.27000427246094,210.0500030517578,215.52000427246094,37515100
1650844800,213.80999755859375,216.66000366210938,204.50999450683594,209.91000366210938,28152000
1650931200,208.8000030517578,209.14999389648438,198.27999877929688,198.39999389648438,20318100
1651017600,194.00999450683594,200.19000244140625,187.77000427246094,188.5399932861328,22298400
1651104000,191.55999755859375,201.47999572753906,185.60000610351562,199.52000427246094,21363200
1651190400,198.67999267578125,204.7100067138672,190.0,190.36000061035156,16391900
1651449600,191.7100067138672,200.2100067138672,190.00999450683594,199.4600067138672,14591600
1651536000,198.2899932861328,203.1999969482422,194.77000427246094,199.8699951171875,11839400
1651622400,197.64999389648438,204.3800048828125,191.00999450683594,204.00999450683594,12218800
1651708800,200.4499969482422,200.7100067138672,186.0,188.32000732421875,13971300
1651795200,186.75,187.2100067138672,175.80999755859375,180.97000122070312,17185500
1652054400,177.66000366210938,183.1999969482422,172.3000030517578,173.10000610351562,14031300
1652140800,176.00999450683594,181.8699951171875,170.57000732421875,177.66000366210938,13883900
1652227200,176.08999633789062,180.9199981689453,165.5500030517578,166.3699951171875,12665500
1652313600,163.9600067138672,177.5800018310547,162.7100067138672,174.30999755859375,17662100
1652400000,177.16000366210938,187.77000427246094,176.00999450683594,187.63999938964844,13136300
1652659200,193.3000030517578,195.88999938964844,185.6999969482422,186.50999450683594,16145000
1652745600,189.1699981689453,191.39999389648438,185.1699981689453,190.55999755859375,9876700
1652832000,186.72000122070312,187.6999969482422,176.27000427246094,177.19000244140625,9665600
1652918400,178.0500030517578,186.3000030517578,175.7100067138672,183.47999572753906,10448500
1653004800,185.8699951171875,190.19000244140625,179.77000427246094,186.35000610351562,10429400
1653264000,186.14999389648438,187.66000366210938,177.88999938964844,187.44000244140625,9602000
1653350400,182.0,184.0,177.1699981689453,180.33999633789062,7706400
1653436800,180.27999877929688,188.8699951171875,180.1699981689453,187.8300018310547,8522100
1653523200,186.49000549316406,192.33999633789062,183.08999633789062,191.39999389648438,8049900
1653609600,193.19000244140625,195.25,190.3699951171875,195.19000244140625,8586000
1653955200,196.17999267578125,199.9499969482422,190.8000030517578,197.44000244140625,11398500
1654041600,198.6999969482422,202.74000549316406,191.66000366210938,192.91000366210938,8416200
1654128000,192.02000427246094,205.47000122070312,191.72000122070312,205.08999633789062,9623100
1654214400,200.13999938964844,202.9499969482422,198.0500030517578,198.97999572753906,7191800
1654473600,202.08999633789062,203.8699951171875,195.3800048828125,197.13999938964844,5372000
1654560000,194.8699951171875,199.60000610351562,193.0,198.61000061035156,4839500
1654646400,197.9499969482422,207.3800048828125,197.63999938964844,202.8300018310547,7244100
1654732800,200.64999389648438,201.69000244140625,192.5399932861328,192.77000427246094,6949000
1654819200,182.63999938964844,185.86000061035156,180.85000610351562,182.94000244140625,13065600
1655078400,177.07000732421875,179.08999633789062,168.9600067138672,169.69000244140625,10222400
1655164800,169.75,172.05999755859375,164.27999877929688,167.5399932861328,11555300
1655251200,169.25999450683594,183.85000610351562,168.52999877929688,180.11000061035156,12396000
1655337600,174.0,176.27000427246094,171.55999755859375,173.35000610351562,8201300
1655424000,173.6300048828125,179.64999389648438,173.33999633789062,175.50999450683594,12133400
1655769600,177.60000610351562,178.6199951171875,169.8000030517578,170.91000366210938,12177600
1655856000,170.75,182.82000732421875,170.1999969482422,178.88999938964844,11992400
1655942400,180.5,182.75999450683594,175.8699951171875,181.7100067138672,9538200
1656028800,183.5,191.19000244140625,181.83999633789062,190.85000610351562,12424000
1656288000,191.77000427246094,191.77999877929688,182.38999938964844,189.13999938964844,8363900
1656374400,189.1999969482422,192.1999969482422,179.3699951171875,179.60000610351562,7185400
1656460800,179.5500030517578,180.6699981689453,175.10000610351562,178.36000061035156,5766800
1656547200,177.07000732421875,179.4499969482422,170.3000030517578,174.8699951171875,7894700
1656633600,176.49000549316406,180.10000610351562,174.27000427246094,179.9499969482422,5201600
1656979200,176.27999877929688,185.9199981689453,172.67999267578125,185.8800048828125,7334300
1657065600,185.1999969482422,186.22000122070312,180.82000732421875,184.05999755859375,5753400
1657152000,184.27000427246094,190.2100067138672,183.5,189.27000427246094,6334500
1657238400,186.02000427246094,189.91000366210938,182.75,186.97999572753906,5835700
1657497600,184.72999572753906,184.99000549316406,176.88999938964844,177.33999633789062,6038800
1657584000,177.3300018310547,179.77999877929688,173.4199981689453,174.4499969482422,6845300
1657670400,170.5,179.17999267578125,169.6999969482422,176.55999755859375,12734400
1657756800,175.55999755859375,177.52000427246094,171.82000732421875,174.77999877929688,9039500
1657843200,175.5800018310547,189.22000122070312,174.55999755859375,189.11000061035156,16319100
1658102400,192.5,199.6699981689453,189.8000030517578,190.9199981689453,16322800
1658188800,193.02000427246094,201.97000122070312,188.39999389648438,201.6300048828125,28178700
1658275200,208.1699981689453,216.97000122070312,200.10000610351562,216.44000244140625,53920300
1658361600,214.3000030517578,224.32000732421875,211.5,223.8800048828125,23430100
1658448000,222.3800048828125,229.35000610351562,218.44000244140625,220.44000244140625,17805500
1658707200,221.30999755859375,225.22999572753906,216.35000610351562,218.50999450683594,10935200
1658793600,216.66000366210938,219.38999938964844,211.63999938964844,213.91000366210938,9508500
1658880000,216.47999572753906,227.77999877929688,214.5800018310547,226.75,10508400
1658966400,224.60000610351562,228.10000610351562,219.6699981689453,226.02000427246094,8972700
1659052800,223.2899932861328,230.75,222.39999389648438,224.89999389648438,9064900
1659312000,223.10000610351562,228.38999938964844,221.0,226.2100067138672,5525000
1659398400,222.75999450683594,228.1999969482422,220.8800048828125,221.4199981689453,6361300
1659484800,224.7899932861328,228.10000610351562,222.4199981689453,226.72999572753906,6400700
1659571200,227.67999267578125,232.07000732421875,225.0500030517578,229.91000366210938,7142700
1659657600,225.3000030517578,228.6199951171875,222.8699951171875,226.77999877929688,5539700
1659916800,227.49000549316406,241.9600067138672,226.41000366210938,233.49000549316406,10982100
1660003200,231.6199951171875,232.1999969482422,224.64999389648438,229.94000244140625,6181200
1660089600,236.99000549316406,244.5399932861328,236.60000610351562,244.11000061035156,9254800
1660176000,244.67999267578125,251.6199951171875,241.50999450683594,242.6999969482422,8780100
1660262400,244.80999755859375,249.41000366210938,243.75999450683594,249.3000030517578,6098500
1660521600,248.11000061035156,251.99000549316406,247.50999450683594,249.11000061035156,6527400
1660608000,247.16000366210938,249.2899932861328,244.02999877929688,245.69000244140625,5136800
1660694400,241.17999267578125,244.24000549316406,237.55999755859375,241.14999389648438,5627200
1660780800,241.9600067138672,246.47999572753906,239.27999877929688,245.1699981689453,5280400
1660867200,240.9499969482422,243.2899932861328,235.67999267578125,241.16000366210938,7504700
1661126400,232.5500030517578,233.47999572753906,224.58999633789062,226.5399932861328,8630100
1661212800,226.4600067138672,229.89999389648438,224.3000030517578,224.5500030517578,5276900
1661299200,225.66000366210938,234.10000610351562,223.94000244140625,229.61000061035156,5426300
1661385600,230.24000549316406,234.16000366210938,229.0,233.97999572753906,3766900
1661472000,233.6300048828125,236.9499969482422,223.14999389648438,223.27999877929688,5349800
1661731200,221.92999267578125,229.8699951171875,221.52000427246094,224.57000732421875,7109400
1661817600,226.66000366210938,229.7899932861328,218.74000549316406,220.64999389648438,5740400
1661904000,227.0,233.8800048828125,223.42999267578125,223.55999755859375,8615900
1661990400,220.72000122070312,230.3699951171875,219.47000122070312,230.0399932861328,7292900
1662076800,231.02999877929688,233.8800048828125,225.0399932861328,226.11000061035156,8164900
1662422400,225.58999633789062,226.85000610351562,214.69000244140625,218.38999938964844,7469000
1662508800,220.2100067138672,229.3300018310547,218.27000427246094,228.9600067138672,8149300
1662595200,224.16000366210938,228.74000549316406,221.3000030517578,227.44000244140625,6737400
1662681600,229.6199951171875,234.77999877929688,229.6199951171875,233.57000732421875,6699600
1662940800,233.61000061035156,239.49000549316406,233.3699951171875,236.52999877929688,6047400
1663027200,226.5,227.69000244140625,217.72000122070312,218.1300048828125,8000100
1663113600,219.82000732421875,228.0,215.8000030517578,224.1199951171875,8230300
1663200000,230.47000122070312,242.2899932861328,229.10000610351562,235.3800048828125,19454100
1663286400,231.22000122070312,241.36000061035156,227.8300018310547,240.1300048828125,18914200
1663545600,245.0500030517578,245.25,235.75,243.6300048828125,17912400
1663632000,240.3699951171875,250.49000549316406,239.66000366210938,242.85000610351562,16037400
1663718400,242.6699981689453,248.3000030517578,236.67999267578125,236.8699951171875,9166800
1663804800,235.35000610351562,240.5,231.66000366210938,237.0500030517578,10018000
1663891200,235.13999938964844,236.4499969482422,221.42999267578125,226.41000366210938,11207200
1664150400,225.60000610351562,232.6999969482422,223.00999450683594,224.07000732421875,8234300
1664236800,228.6300048828125,230.63999938964844,220.72000122070312,224.36000061035156,7762200
1664323200,229.69000244140625,246.64999389648438,227.3800048828125,245.1999969482422,17579700
1664409600,241.61000061035156,246.97999572753906,235.67999267578125,239.7100067138672,18994900
1664496000,237.0,242.44000244140625,233.25999450683594,235.44000244140625,11848600
1664755200,237.85000610351562,241.5399932861328,232.85000610351562,239.0399932861328,8657400
1664841600,244.83999633789062,245.8000030517578,233.25,240.74000549316406,13925900
1664928000,238.75999450683594,241.58999633789062,227.3800048828125,236.72999572753906,10825600
1665014400,236.67999267578125,244.27999877929688,233.91000366210938,240.02000427246094,9188900
1665100800,235.77000427246094,237.3300018310547,224.27999877929688,224.75,9806100
1665360000,225.63999938964844,233.8300018310547,224.22999572753906,229.97999572753906,9991100
1665446400,226.0500030517578,230.44000244140625,213.6999969482422,214.2899932861328,15282400
1665532800,214.3000030517578,223.6699981689453,212.63999938964844,220.8699951171875,12952600
1665619200,212.69000244140625,234.47000122070312,211.72999572753906,232.50999450683594,17505000
1665705600,237.8000030517578,238.8000030517578,229.50999450683594,230.0,15293400
1665964800,234.41000366210938,249.9199981689453,234.39999389648438,245.10000610351562,21057800
1666051200,249.8000030517578,250.3699951171875,237.72999572753906,240.86000061035156,25776700
1666137600,265.0,279.29998779296875,262.6600036621094,272.3800048828125,46685300
1666224000,272.7799987792969,278.3800048828125,266.3800048828125,268.1600036621094,17207100
1666310400,268.95001220703125,290.75,265.67999267578125,289.57000732421875,24889100
1666569600,290.2300109863281,290.489990234375,280.3599853515625,282.45001220703125,13326400
1666656000,286.95001220703125,297.5899963378906,285.54998779296875,291.0199890136719,15100700
1666742400,290.0400085449219,305.6300048828125,288.0400085449219,298.6199951171875,15714100
1666828800,298.3299865722656,305.2099914550781,294.7799987792969,296.94000244140625,14612600
1666915200,297.70001220703125,301.19000244140625,292.2900085449219,295.7200012207031,9960500
1667174400,295.1300048828125,297.6199951171875,289.5,291.8800048828125,7505100
1667260800,296.1700134277344,299.70001220703125,286.4200134277344,286.75,6916400
1667347200,286.3999938964844,287.3299865722656,272.8399963378906,273.0,10367600
1667433600,271.25,276.2900085449219,268.79998779296875,269.05999755859375,7057400
1667520000,272.0199890136719,274.9700012207031,255.32000732421875,260.7900085449219,11124700
1667779200,261.05999755859375,261.1499938964844,252.08999633789062,258.6000061035156,7927000
1667865600,259.9200134277344,266.0799865722656,256.8800048828125,263.4599914550781,7683800
1667952000,259.6600036621094,260.8999938964844,254.22000122070312,254.66000366210938,7266000
1668038400,265.989990234375,275.3599853515625,260.0899963378906,274.9700012207031,9667300
1668124800,274.4700012207031,290.6600036621094,271.55999755859375,290.1300048828125,9573800
1668384000,290.0,311.0,288.19000244140625,299.2699890136719,17978200
1668470400,309.20001220703125,312.7099914550781,302.54998779296875,310.20001220703125,14626900
1668556800,309.94000244140625,310.489990234375,303.6099853515625,306.0199890136719,8038600
1668643200,294.7200012207031,299.82000732421875,291.0,295.2799987792969,9838200
1668729600,297.3299865722656,298.0,287.0,287.9800109863281,8400100
1668988800,291.0,291.8699951171875,282.6600036621094,285.04998779296875,7256500
1669075200,284.989990234375,286.9800109863281,277.3399963378906,286.69000244140625,6245100
1669161600,285.9100036621094,292.4700012207031,283.760009765625,291.5,5919000
1669334400,289.0,289.2099914550781,284.1700134277344,285.5400085449219,3236000
1669593600,284.0,289.54998779296875,280.5299987792969,281.1700134277344,4703400
1669680000,282.5,282.9599914550781,275.94000244140625,280.9599914550781,5786900
1669766400,281.3699951171875,308.260009765625,280.4100036621094,305.5299987792969,16070100
1669852800,303.989990234375,319.79998779296875,303.0299987792969,316.95001220703125,14664900
1669939200,310.489990234375,321.989990234375,310.0,320.4100036621094,12690600
1670198400,316.4599914550781,322.7699890136719,310.9200134277344,312.5899963378906,8423000
1670284800,311.0,313.2200012207031,303.1300048828125,305.55999755859375,7195400
1670371200,306.5,309.6099853515625,302.1000061035156,308.4200134277344,7821600
1670457600,309.1099853515625,312.3800048828125,304.80999755859375,310.260009765625,7205300
1670544000,321.45001220703125,329.0,319.5199890136719,320.010009765625,14364000
1670803200,320.0,323.17999267578125,308.8500061035156,315.17999267578125,10148600
1670889600,328.0,332.7200012207031,317.20001220703125,320.3399963378906,10756400
1670976000,318.9700012207031,324.7099914550781,314.4200134277344,317.8299865722656,7543300
1671062400,302.1199951171875,303.3900146484375,286.54998779296875,290.4100036621094,17724600
1671148800,288.760009765625,294.7200012207031,288.70001220703125,290.7099914550781,14080000
1671408000,289.7300109863281,292.25,286.1300048828125,288.29998779296875,6163700
1671494400,281.239990234375,289.2799987792969,280.80999755859375,288.19000244140625,6918100
1671580800,289.989990234375,300.6600036621094,286.5,297.9599914550781,6376200
1671667200,298.0899963378906,298.8800048828125,290.80999755859375,297.75,7856200
1671753600,296.17999267578125,298.4599914550781,291.9100036621094,294.9599914550781,4251100
1672099200,293.19000244140625,293.57000732421875,282.1300048828125,284.1700134277344,5778100
1672185600,281.9200134277344,285.19000244140625,273.4100036621094,276.8800048828125,5964400
1672272000,283.17999267578125,295.5,281.010009765625,291.1199951171875,9588500
1672358400,285.5299987792969,295.010009765625,283.2200012207031,294.8800048828125,7566900
1672704000,298.05999755859375,298.3900146484375,288.70001220703125,294.95001220703125,6764000
1672790400,298.239990234375,311.1400146484375,295.510009765625,309.4100036621094,9345100
1672876800,307.0,314.17999267578125,304.54998779296875,309.70001220703125,8328400
1672963200,311.57000732421875,316.7699890136719,303.69000244140625,315.54998779296875,8959800
1673222400,316.8299865722656,321.70001220703125,313.2200012207031,315.1700134277344,6766600
1673308800,311.07000732421875,329.3500061035156,311.07000732421875,327.5400085449219,13072300
1673395200,326.5,328.8800048828125,321.3500061035156,327.260009765625,9579700
1673481600,332.5,332.95001220703125,323.1400146484375,330.1300048828125,10856200
1673568000,329.9700012207031,336.6499938964844,328.8900146484375,332.82000732421875,8286800
1673913600,331.0799865722656,332.5,323.6000061035156,326.2200012207031,9247000
1674000000,326.75,330.0799865722656,321.25,326.3299865722656,7814100
1674086400,322.57000732421875,324.8900146484375,313.3900146484375,315.7799987792969,18008200
1674172800,336.7900085449219,344.0,332.6300048828125,342.5,28430300
1674432000,341.7200012207031,362.25,340.6300048828125,357.4200134277344,15646900
1674518400,357.5299987792969,365.6499938964844,355.1400146484375,363.8299865722656,11796500
1674604800,360.57000732421875,368.8999938964844,358.5,367.9599914550781,7766900
1674691200,368.7699890136719,369.0199890136719,361.70001220703125,364.8699951171875,8256800
1674777600,363.20001220703125,365.9200134277344,360.5899963378906,360.7699890136719,6703500
1675036800,358.44000244140625,360.95001220703125,352.8599853515625,353.1099853515625,5127600
1675123200,349.9800109863281,355.95001220703125,348.7099914550781,353.8599853515625,5660700
1675209600,353.8599853515625,365.3900146484375,349.9100036621094,361.989990234375,8005200
1675296000,365.1600036621094,368.32000732421875,358.42999267578125,366.8900146484375,7857000
1675382400,359.0799865722656,379.42999267578125,359.0,365.8999938964844,9402000
1675641600,363.6400146484375,368.45001220703125,360.67999267578125,361.4800109863281,4994900
1675728000,358.510009765625,364.17999267578125,354.17999267578125,362.95001220703125,6289400
1675814400,360.0199890136719,368.19000244140625,358.30999755859375,366.8299865722656,6253200
1675900800,372.4100036621094,373.8299865722656,361.739990234375,362.5,6901100
1675987200,359.1600036621094,362.1400146484375,347.1400146484375,347.3599853515625,7291100
1676246400,349.5,359.70001220703125,344.25,358.57000732421875,7134400
1676332800,357.54998779296875,363.75,353.3999938964844,359.9599914550781,4624800
1676419200,356.6300048828125,362.8800048828125,354.239990234375,361.4200134277344,3966000
1676505600,355.0,361.5,350.30999755859375,350.7099914550781,5215700
1676592000,347.9100036621094,349.0,342.44000244140625,347.9599914550781,5294700
1676937600,342.8500061035156,344.1300048828125,336.4200134277344,337.5,5710300
1677024000,337.5,341.9100036621094,332.82000732421875,334.8800048828125,4546200
1677110400,331.2300109863281,331.2799987792969,314.29998779296875,323.6499938964844,13238700
1677196800,319.29998779296875,321.5,314.5199890136719,317.1499938964844,6830700
1677456000,323.8699951171875,330.0,322.1199951171875,323.0299987792969,6142600
1677542400,323.70001220703125,327.6199951171875,321.1700134277344,322.1300048828125,3676100
1677628800,321.54998779296875,326.6000061035156,312.3599853515625,313.4800109863281,4911300
1677715200,310.9599914550781,315.57000732421875,310.3800048828125,311.8800048828125,4911000
1677801600,315.45001220703125,317.489990234375,310.82000732421875,315.17999267578125,5953300
1678060800,317.0,323.29998779296875,311.8399963378906,312.0299987792969,5660700
1678147200,312.67999267578125,314.29998779296875,306.6199951171875,308.4700012207031,4553100
1678233600,309.2900085449219,311.8299865722656,305.75,311.7900085449219,3479500
1678320000,312.0799865722656,312.510009765625,294.8800048828125,297.7799987792969,7443400
1678406400,297.8999938964844,298.7900085449219,289.0,292.760009765625,5759300
1678665600,287.3399963378906,299.239990234375,285.3299865722656,293.510009765625,6292400
1678752000,295.9700012207031,297.45001220703125,290.30999755859375,294.94000244140625,5956700
1678838400,292.510009765625,306.30999755859375,292.2799987792969,303.7900085449219,9215300
1678924800,304.75,316.6000061035156,301.7099914550781,310.05999755859375,7903700
1679011200,310.05999755859375,310.760009765625,300.0,303.5,6918800
1679270400,299.7900085449219,307.5,296.0,305.1300048828125,5113400
1679356800,306.32000732421875,307.9200134277344,300.42999267578125,305.7900085449219,4886300
1679443200,306.30999755859375,306.45001220703125,293.5400085449219,293.8999938964844,5808000
1679529600,304.67999267578125,322.7799987792969,304.1400146484375,320.3699951171875,15653300
1679616000,320.6300048828125,331.8299865722656,320.6300048828125,328.3900146484375,12991700
1679875200,327.54998779296875,336.44000244140625,324.4100036621094,327.6600036621094,8625800
1679961600,326.05999755859375,333.32000732421875,321.2799987792969,323.5199890136719,6489400
1680048000,326.2900085449219,332.8500061035156,325.7300109863281,332.0299987792969,6287300
1680134400,340.2699890136719,343.2900085449219,335.29998779296875,338.42999267578125,7131500
1680220800,340.04998779296875,345.8399963378906,337.20001220703125,345.4800109863281,5610200
1680480000,341.8299865722656,348.5799865722656,340.3999938964844,348.2799987792969,4413700
1680566400,348.489990234375,349.79998779296875,343.95001220703125,346.75,3298100
1680652800,345.29998779296875,345.42999267578125,336.25,342.3500061035156,4205500
1680739200,339.3399963378906,340.4800109863281,332.6300048828125,339.3299865722656,4660500
1681084800,335.2699890136719,339.8800048828125,333.3599853515625,338.989990234375,2657900
1681171200,343.45001220703125,347.1400146484375,337.6400146484375,338.2099914550781,4044800
1681257600,340.80999755859375,342.79998779296875,330.0400085449219,331.0299987792969,3965400
1681344000,339.989990234375,346.42999267578125,338.75,346.19000244140625,7406400
1681430400,342.94000244140625,344.8500061035156,336.4100036621094,338.6300048828125,5350500
1681689600,338.0,338.3900146484375,327.5,332.7200012207031,6136000
1681776000,335.0,337.19000244140625,330.5,333.70001220703125,17944500
1681862400,324.2099914550781,325.75,316.1000061035156,323.1199951171875,22128300
1681948800,320.3900146484375,331.42999267578125,318.3299865722656,325.3500061035156,9947800
1682035200,323.0,328.2900085449219,319.5,327.9800109863281,6348000
1682294400,330.20001220703125,334.6600036621094,326.75,329.0199890136719,5586600
1682380800,328.5,328.6600036621094,321.1000061035156,322.54998779296875,5426600
1682467200,321.3599853515625,325.8999938964844,320.4700012207031,321.1499938964844,4623200
1682553600,324.29998779296875,327.45001220703125,317.44000244140625,325.8500061035156,5618800
1682640000,325.239990234375,330.80999755859375,324.0,329.92999267578125,4221900
1682899200,329.44000244140625,331.2300109863281,318.0899963378906,324.1199951171875,5341500
1682985600,325.0,326.07000732421875,315.6199951171875,317.54998779296875,4318600
1683072000,317.54998779296875,324.6199951171875,315.8500061035156,319.29998779296875,5064100
1683158400,319.010009765625,323.6099853515625,317.95001220703125,320.7799987792969,3879700
1683244800,323.6099853515625,324.1499938964844,319.44000244140625,322.760009765625,3988600
1683504000,322.989990234375,332.55999755859375,322.0299987792969,331.2099914550781,5488600
1683590400,330.6700134277344,336.32000732421875,329.739990234375,332.1400146484375,5544900
1683676800,335.2099914550781,337.1099853515625,329.510009765625,335.4200134277344,4289900
1683763200,334.9800109863281,345.4700012207031,331.8399963378906,344.760009765625,8033500
1683849600,344.760009765625,348.1700134277344,337.3599853515625,339.8900146484375,6079900
1684108800,340.6199951171875,341.8999938964844,335.5400085449219,335.8900146484375,3653000
1684195200,334.0,335.1700134277344,331.9100036621094,333.75,3332200
1684281600,331.760009765625,341.3800048828125,329.6199951171875,339.9599914550781,3958800
1684368000,347.25,375.8699951171875,346.3699951171875,371.2900085449219,20925200
1684454400,369.8599853515625,369.989990234375,363.80999755859375,365.3599853515625,7850900
1684713600,365.3599853515625,372.010009765625,362.5,363.010009765625,5406400
1684800000,360.239990234375,364.1700134277344,354.30999755859375,355.989990234375,6866100
1684886400,356.92999267578125,367.1499938964844,356.6300048828125,364.8500061035156,7973300
1684972800,359.6099853515625,367.45001220703125,357.4200134277344,359.0,6263100
1685059200,361.1000061035156,383.760009765625,356.0,378.8800048828125,9360400
1685404800,397.4800109863281,405.1099853515625,385.7900085449219,392.9800109863281,10865000
1685491200,391.8900146484375,396.260009765625,388.9100036621094,395.2300109863281,6988000
1685577600,397.4100036621094,407.5199890136719,393.0799865722656,403.1300048828125,7160100
1685664000,402.8900146484375,406.5799865722656,395.8999938964844,400.4700012207031,5897300
1685923200,400.4700012207031,413.8599853515625,400.1499938964844,403.5400085449219,7247400
1686009600,405.0,405.1199951171875,396.92999267578125,399.2900085449219,4991500
1686096000,410.42999267578125,418.95001220703125,399.2300109863281,399.7699890136719,11932400
1686182400,399.7699890136719,409.5400085449219,396.3399963378906,409.3699951171875,5991100
1686268800,424.5,425.8999938964844,414.760009765625,420.0199890136719,12363000
1686528000,418.8299865722656,424.70001220703125,416.57000732421875,423.9700012207031,5959500
1686614400,430.010009765625,437.2699890136719,428.3999938964844,435.7300109863281,7820500
1686700800,434.989990234375,447.3299865722656,433.5,440.8599853515625,8413100
1686787200,444.1000061035156,448.6499938964844,439.5,445.2699890136719,7099900
1686873600,446.1499938964844,447.510009765625,430.8999938964844,431.9599914550781,8745500
1687219200,430.17999267578125,440.0,430.0,434.70001220703125,4756000
1687305600,432.6499938964844,434.54998779296875,422.5400085449219,424.45001220703125,5146400
1687392000,422.92999267578125,424.7099914550781,418.67999267578125,422.4800109863281,4869500
1687478400,418.5899963378906,425.82000732421875,417.7300109863281,424.0199890136719,8293900
1687737600,422.44000244140625,430.9599914550781,414.8999938964844,415.94000244140625,4640000
1687824000,417.3900146484375,420.8800048828125,411.5,417.0799865722656,4818100
1687910400,423.1000061035156,437.2900085449219,422.8900146484375,429.8399963378906,8811300
1687996800,434.3299865722656,437.8500061035156,426.1499938964844,428.239990234375,4932300
1688083200,431.1000061035156,444.1199951171875,431.1000061035156,440.489990234375,7342000
1688342400,439.760009765625,441.54998779296875,431.6199951171875,441.44000244140625,3733200
1688515200,444.9100036621094,450.9700012207031,439.6199951171875,445.8999938964844,6869500
1688601600,440.0,442.79998779296875,430.7200012207031,438.8399963378906,4938800
1688688000,438.6000061035156,442.3299865722656,435.8399963378906,438.1000061035156,4160100
1688947200,438.5199890136719,444.4100036621094,436.82000732421875,441.7099914550781,4251700
1689033600,438.6499938964844,440.79998779296875,431.0400085449219,440.2099914550781,4574600
1689120000,444.54998779296875,445.4100036621094,437.75,444.04998779296875,5731700
1689206400,447.0,451.6700134277344,441.17999267578125,450.3800048828125,6157500
1689292800,452.7900085449219,456.4800109863281,439.70001220703125,441.9100036621094,7184900
1689552000,445.57000732421875,456.67999267578125,445.1099853515625,450.04998779296875,6891700
1689638400,451.0,478.1499938964844,448.7799987792969,474.79998779296875,13196900
1689724800,476.8599853515625,485.0,470.0,477.5899963378906,20996500
1689811200,447.0,448.5,432.0,437.4200134277344,23989700
1689897600,437.3699951171875,438.239990234375,423.19000244140625,427.5,17303700
1690156800,425.0,428.6400146484375,419.19000244140625,428.3699951171875,8264400
1690243200,427.17999267578125,430.8800048828125,426.1300048828125,427.70001220703125,4859800
1690329600,424.20001220703125,425.260009765625,415.5899963378906,422.6700134277344,6009200
1690416000,426.8999938964844,427.5199890136719,411.8800048828125,413.1700134277344,6594500
1690502400,415.55999755859375,427.4700012207031,413.760009765625,425.7799987792969,6424200
1690761600,426.510009765625,439.1300048828125,426.29998779296875,438.9700012207031,6587600
1690848000,437.3699951171875,445.25,431.3999938964844,438.6199951171875,5711500
1690934400,435.2300109863281,435.55999755859375,426.55999755859375,429.70001220703125,4912200
1691020800,427.79998779296875,441.92999267578125,427.19000244140625,431.0,6243900
1691107200,433.05999755859375,436.5,426.2699890136719,431.6000061035156,5439700
1691366400,436.4599914550781,441.1099853515625,428.9100036621094,440.760009765625,4781300
1691452800,440.3599853515625,443.57000732421875,435.1000061035156,438.29998779296875,3767200
1691539200,439.739990234375,440.6199951171875,427.5899963378906,428.8999938964844,3846600
1691625600,431.1199951171875,438.1199951171875,428.69000244140625,429.9800109863281,5467600
1691712000,428.9800109863281,430.6300048828125,421.3299865722656,421.6600036621094,3925200
1691971200,421.989990234375,428.8500061035156,418.7799987792969,427.7799987792969,3966000
1692057600,424.4100036621094,429.1199951171875,421.0400085449219,423.70001220703125,3368000
1692144000,423.7300109863281,424.510009765625,415.25,415.45001220703125,3967000
1692230400,415.0,415.239990234375,401.5799865722656,403.0,6031500
1692316800,399.3299865722656,406.5199890136719,398.1499938964844,404.5299987792969,4309200
1692576000,402.2300109863281,409.6099853515625,399.5,408.2900085449219,3861600
1692662400,409.0,415.739990234375,407.3999938964844,413.1700134277344,3603300
1692748800,418.3999938964844,437.0199890136719,417.7099914550781,427.54998779296875,8174700
1692835200,425.4100036621094,427.5899963378906,406.1700134277344,406.92999267578125,5687800
1692921600,412.0,419.25,407.55999755859375,416.0299987792969,5390900
1693180800,418.0400085449219,419.8299865722656,413.2699890136719,418.05999755859375,2928600
1693267200,416.0,432.1700134277344,414.5,429.989990234375,4486700
1693353600,430.8500061035156,438.1600036621094,428.3500061035156,434.6700134277344,3625400
1693440000,431.2300109863281,437.1499938964844,431.2300109863281,433.67999267578125,3803000
1693526400,437.7300109863281,445.5,435.92999267578125,439.8800048828125,4792100
1693872000,438.3900146484375,453.45001220703125,438.0,448.67999267578125,6155900
1693958400,448.6099853515625,451.3900146484375,440.489990234375,445.760009765625,3862300
1694044800,441.1499938964844,444.6000061035156,436.70001220703125,443.1400146484375,2922700
1694131200,443.55999755859375,446.80999755859375,438.8500061035156,442.79998779296875,2697500
1694390400,443.07000732421875,449.8900146484375,442.75,445.3599853515625,2913800
1694476800,442.8500061035156,445.44000244140625,434.1199951171875,434.69000244140625,3124000
1694563200,435.5,438.3999938964844,410.69000244140625,412.239990234375,11843000
1694649600,410.3999938964844,411.3900146484375,400.0,400.489990234375,10709000
1694736000,401.0,404.70001220703125,395.0299987792969,396.94000244140625,9110700
1694995200,395.5,399.4700012207031,392.6000061035156,394.3999938964844,4704700
1695081600,392.8399963378906,398.2300109863281,390.25,396.20001220703125,4076800
1695168000,397.04998779296875,397.989990234375,386.1199951171875,386.29998779296875,3866600
1695254400,386.5,395.8999938964844,383.4200134277344,384.1499938964844,5547900
1695340800,385.0,386.8800048828125,378.3599853515625,379.80999755859375,3692800
1695600000,382.8999938964844,386.6199951171875,380.80999755859375,384.79998779296875,3757300
1695686400,382.8800048828125,384.55999755859375,377.3599853515625,379.25,4089400
1695772800,382.3999938964844,384.2200012207031,376.25,377.5899963378906,3843500
1695859200,375.6000061035156,378.9599914550781,371.1000061035156,376.3599853515625,4369900
1695945600,380.0,382.5799865722656,375.3500061035156,377.6000061035156,4198700
1696204800,377.4800109863281,384.80999755859375,376.79998779296875,380.3299865722656,3102100
1696291200,377.1099853515625,394.8999938964844,372.8500061035156,376.75,8878100
1696377600,376.5,380.2200012207031,373.5799865722656,376.8999938964844,4303700
1696464000,378.010009765625,378.6000061035156,367.239990234375,372.5899963378906,5034800
1696550400,368.42999267578125,382.5199890136719,367.7699890136719,381.510009765625,4773400
1696809600,378.04998779296875,387.1700134277344,377.760009765625,385.95001220703125,3299800
1696896000,385.5799865722656,388.70001220703125,372.25,373.32000732421875,7288900
1696982400,372.7799987792969,377.80999755859375,365.3399963378906,365.92999267578125,9151400
1697068800,366.4800109863281,368.8299865722656,359.04998779296875,361.20001220703125,7376100
1697155200,355.6400146484375,358.92999267578125,352.04998779296875,355.67999267578125,6312600
1697414400,356.2099914550781,363.0799865722656,354.7699890136719,360.82000732421875,5128900
1697500800,361.1000061035156,362.70001220703125,353.8900146484375,355.7200012207031,5908400
1697587200,351.0,354.7900085449219,344.7300109863281,346.19000244140625,11429600
1697673600,404.739990234375,408.95001220703125,392.260009765625,401.7699890136719,28074400
1697760000,405.6300048828125,410.6400146484375,398.010009765625,400.9599914550781,12768900
1698019200,403.32000732421875,407.5400085449219,398.5199890136719,406.8399963378906,7390000
1698105600,409.67999267578125,416.69000244140625,408.3900146484375,413.7300109863281,6459200
1698192000,416.0199890136719,418.8399963378906,410.1099853515625,411.25,6299600
1698278400,411.4200134277344,417.30999755859375,401.5400085449219,403.5400085449219,6849700
1698364800,406.4200134277344,410.2099914550781,395.6199951171875,397.8699951171875,4997600
1698624000,402.3500061035156,412.82000732421875,399.4100036621094,410.0799865722656,5317100
1698710400,409.239990234375,412.5199890136719,404.6300048828125,411.69000244140625,3877600
1698796800,414.7699890136719,420.6000061035156,414.17999267578125,420.19000244140625,4806100
1698883200,421.1700134277344,426.69000244140625,417.1000061035156,424.7099914550781,4476000
1698969600,428.760009765625,434.82000732421875,425.5299987792969,432.3599853515625,3664800
1699228800,434.3800048828125,435.0299987792969,429.6099853515625,434.739990234375,3003200
1699315200,436.17999267578125,437.6400146484375,431.0,434.6099853515625,3291100
1699401600,435.0,438.07000732421875,433.67999267578125,436.6499938964844,2356800
1699488000,438.0299987792969,440.3800048828125,434.3500061035156,435.1499938964844,2735500
1699574400,437.4800109863281,447.4800109863281,435.510009765625,447.239990234375,4440600
1699833600,447.25,448.42999267578125,442.6000061035156,444.6199951171875,2896100
1699920000,448.7799987792969,454.0799865722656,445.6400146484375,448.6499938964844,4060900
1700006400,452.80999755859375,462.75,452.45001220703125,461.94000244140625,5035300
1700092800,463.0,467.2799987792969,459.6499938964844,466.95001220703125,3656000
1700179200,466.95001220703125,467.6499938964844,462.760009765625,465.9100036621094,2798500
1700438400,465.3999938964844,476.760009765625,465.3999938964844,474.4700012207031,3617600
1700524800,472.6300048828125,477.0199890136719,471.2099914550781,474.95001220703125,2997700
1700611200,476.79998779296875,482.70001220703125,476.55999755859375,478.0,2841600
1700784000,477.1099853515625,480.3999938964844,475.20001220703125,479.55999755859375,1404700
1701043200,479.0299987792969,482.0,475.3500061035156,479.1700134277344,3625900
1701129600,478.1099853515625,480.5,475.95001220703125,479.0,2890200
1701216000,479.0,480.989990234375,474.489990234375,477.19000244140625,2855500
1701302400,475.30999755859375,478.5899963378906,470.4200134277344,473.9700012207031,4287300
1701388800,473.1700134277344,475.2300109863281,464.6000061035156,465.739990234375,4338100
1701648000,460.989990234375,461.20001220703125,451.20001220703125,453.8999938964844,5157700
1701734400,450.70001220703125,456.3900146484375,449.5799865722656,455.1499938964844,3380700
1701820800,460.0,460.5,445.7300109863281,446.7300109863281,4178800
1701907200,450.8500061035156,452.8900146484375,448.32000732421875,452.0,3506700
1701993600,450.760009765625,455.5,450.760009765625,453.760009765625,3456100
1702252800,459.3599853515625,470.6499938964844,457.2099914550781,459.8900146484375,4929700
1702339200,465.2300109863281,465.6099853515625,459.20001220703125,463.0,3302700
1702425600,461.9800109863281,481.25,461.9800109863281,479.9800109863281,5820200
1702512000,480.3599853515625,480.760009765625,464.760009765625,469.8299865722656,5176400
1702598400,467.29998779296875,473.0,467.29998779296875,472.05999755859375,7838300
1702857600,476.29998779296875,492.0400085449219,475.1000061035156,486.1199951171875,6410700
1702944000,488.3999938964844,496.1400146484375,484.05999755859375,495.0199890136719,3849000
1703030400,492.0,500.8900146484375,488.3900146484375,489.2699890136719,4563700
1703116800,492.6600036621094,494.3999938964844,486.7699890136719,491.6099853515625,2756200
1703203200,494.0,496.0199890136719,485.45001220703125,486.760009765625,2701100
1703548800,489.3900146484375,491.4800109863281,486.3800048828125,491.19000244140625,2034500
1703635200,491.239990234375,494.0199890136719,489.25,491.7900085449219,2561300
1703721600,492.0,492.8900146484375,489.07000732421875,490.510009765625,1710500
1703808000,490.3699951171875,492.2300109863281,481.94000244140625,486.8800048828125,2739500
1704153600,483.19000244140625,484.6499938964844,461.8599853515625,468.5,5049400
1704240000,467.32000732421875,475.04998779296875,465.7699890136719,470.260009765625,3443700
1704326400,472.9800109863281,480.739990234375,466.5299987792969,474.6700134277344,3636500
1704412800,476.5,479.54998779296875,471.79998779296875,474.05999755859375,2612500
1704672000,473.8900146484375,485.239990234375,473.6499938964844,485.0299987792969,3675800
1704758400,475.5299987792969,485.0899963378906,473.79998779296875,482.0899963378906,3526800
1704844800,481.6000061035156,487.0,472.95001220703125,478.3299865722656,4342400
1704931200,492.5400085449219,503.4100036621094,483.82000732421875,492.2300109863281,7993300
1705017600,500.510009765625,500.7900085449219,490.6099853515625,492.1600036621094,4996600
1705363200,490.0,494.1499938964844,478.0199890136719,481.239990234375,4679000
1705449600,484.5,486.2099914550781,475.260009765625,480.3299865722656,4894600
1705536000,480.0299987792969,485.7699890136719,478.0199890136719,485.30999755859375,4054400
1705622400,484.9800109863281,485.6700134277344,476.05999755859375,482.95001220703125,5665600
1705881600,487.54998779296875,489.79998779296875,479.8999938964844,485.7099914550781,5212300
1705968000,492.0,498.9599914550781,481.3999938964844,492.19000244140625,15506000
1706054400,537.75,562.5,537.0700073242188,544.8699951171875,26432800
1706140800,551.9500122070312,563.4600219726562,548.4600219726562,562.0,9451900
1706227200,561.8099975585938,579.6400146484375,558.4299926757812,570.4199829101562,12770600
1706486400,571.3499755859375,578.5499877929688,562.6799926757812,575.7899780273438,6905400
1706572800,567.3200073242188,570.8800048828125,560.8200073242188,562.8499755859375,6181800
1706659200,562.8499755859375,572.1500244140625,562.0399780273438,564.1099853515625,4857600
1706745600,567.02001953125,572.6599731445312,563.8300170898438,567.510009765625,3174000
1706832000,564.52001953125,567.7999877929688,562.3699951171875,564.6400146484375,4030800
1707091200,562.469970703125,575.75,557.2000122070312,562.0599975585938,4143100
1707177600,564.1199951171875,566.3400268554688,554.3699951171875,555.8800048828125,2840300
1707264000,558.1599731445312,567.7999877929688,554.97998046875,559.2999877929688,4373600
1707350400,560.5499877929688,563.7000122070312,555.739990234375,558.530029296875,3175500
1707436800,565.0,566.0,558.0999755859375,561.3200073242188,3055700
1707696000,560.3599853515625,568.4400024414062,557.0,557.8499755859375,3608500
1707782400,550.7999877929688,559.2000122070312,549.0,554.52001953125,3511500
1707868800,567.260009765625,581.25,564.3400268554688,579.3300170898438,5634200
1707955200,581.9099731445312,593.77001953125,580.3200073242188,593.4600219726562,5220900
1708041600,596.9500122070312,597.0,577.4600219726562,583.9500122070312,4323600
1708387200,580.1799926757812,586.0,569.6599731445312,575.1300048828125,3124200
1708473600,573.510009765625,575.780029296875,567.3200073242188,573.3499755859375,2281100
1708560000,582.75,590.8499755859375,578.8900146484375,588.469970703125,3526600
1708646400,586.4000244140625,592.4299926757812,579.8200073242188,583.5599975585938,2568900
1708905600,583.5599975585938,590.75,583.27001953125,587.6500244140625,2393700
1708992000,595.0,605.3599853515625,592.3300170898438,601.6699829101562,4489400
1709078400,595.7899780273438,598.1699829101562,590.010009765625,596.47998046875,2605200
1709164800,604.25,604.52001953125,595.1599731445312,602.9199829101562,3572100
1709251200,599.8099975585938,620.280029296875,599.5,619.3400268554688,4264200
1709510400,621.5599975585938,624.4199829101562,615.0800170898438,615.8300170898438,3020300
1709596800,610.0999755859375,610.9099731445312,592.0,598.5,3849600
1709683200,602.989990234375,607.9299926757812,593.5599975585938,597.6900024414062,2469600
1709769600,599.3400268554688,610.530029296875,595.9000244140625,608.510009765625,2742800
1709856000,608.27001953125,616.0900268554688,600.8400268554688,604.8200073242188,2774600
1710115200,608.0800170898438,611.0,600.3699951171875,600.9299926757812,2500900
1710201600,600.2100219726562,615.2999877929688,596.27001953125,611.0800170898438,2821600
1710288000,613.3699951171875,614.8499755859375,607.2100219726562,609.4500122070312,2192100
1710374400,615.0,620.7999877929688,607.3499755859375,613.010009765625,3120500
1710460800,622.9199829101562,622.9199829101562,603.8200073242188,605.8800048828125,6670900
1710720000,613.5599975585938,627.4099731445312,610.4500122070312,618.3900146484375,3344200
1710806400,615.6199951171875,621.280029296875,608.0,620.739990234375,2142600
1710892800,619.9500122070312,629.510009765625,618.3400268554688,627.6900024414062,2639500
1710979200,630.6500244140625,634.3599853515625,622.3300170898438,622.7100219726562,2507700
1711065600,624.1599731445312,629.0499877929688,621.0,628.010009765625,2134100
1711324800,627.9000244140625,630.4600219726562,623.1599731445312,627.4600219726562,1803300
1711411200,625.2000122070312,634.3900146484375,619.1799926757812,629.239990234375,2804500
1711497600,629.010009765625,631.3499755859375,610.72998046875,613.530029296875,2628300
1711584000,614.989990234375,615.0,601.5900268554688,607.3300170898438,3708800
1711929600,608.0,615.1099853515625,605.5700073242188,614.3099975585938,2115900
1712016000,611.0,615.030029296875,605.510009765625,614.2100219726562,2029200
1712102400,612.75,630.4099731445312,611.5,630.0800170898438,2931200
1712188800,633.2100219726562,638.0,616.5800170898438,617.1400146484375,3064300
1712275200,624.9199829101562,637.9099731445312,622.7100219726562,636.1799926757812,3372800
1712534400,636.3900146484375,639.0,628.1099853515625,628.4099731445312,2145700
1712620800,631.989990234375,631.989990234375,615.6300048828125,618.2000122070312,2146600
1712707200,610.969970703125,620.1400146484375,609.3400268554688,618.5800170898438,2806200
1712793600,624.4199829101562,631.6599731445312,617.239990234375,628.780029296875,2662700
1712880000,628.22998046875,633.1199951171875,618.9199829101562,622.8300170898438,2956500
1713139200,630.1699829101562,630.1699829101562,603.8699951171875,607.1500244140625,3085400
1713225600,607.5,622.4500122070312,607.5,617.52001953125,3519100
1713312000,620.969970703125,620.969970703125,607.7100219726562,613.6900024414062,3312200
1713398400,612.0999755859375,621.3300170898438,605.4299926757812,610.5599975585938,8468400
1713484800,567.8800048828125,579.0,552.1599731445312,555.0399780273438,16425000
1713744000,550.6599731445312,558.6099853515625,542.010009765625,554.5999755859375,8597700
1713830400,556.489990234375,579.2100219726562,555.280029296875,577.75,4975500
1713916800,574.3099975585938,576.9099731445312,551.2999877929688,555.1199951171875,5355300
1714003200,549.4600219726562,566.5399780273438,545.7100219726562,564.7999877929688,3807100
1714089600,558.2100219726562,562.9199829101562,553.1900024414062,561.22998046875,4332600
1714348800,559.1799926757812,559.6400146484375,554.239990234375,559.489990234375,2508900
1714435200,560.0,560.0,549.3800048828125,550.6400146484375,3361500
1714521600,547.8400268554688,560.3900146484375,544.25,551.7100219726562,3473200
1714608000,556.02001953125,565.4600219726562,555.5900268554688,565.1500244140625,3068200
1714694400,566.0,580.260009765625,565.1599731445312,579.3400268554688,3307500
1714953600,581.8200073242188,597.3400268554688,580.25,596.969970703125,3686300
1715040000,596.280029296875,606.0499877929688,591.3200073242188,606.0,3614100
1715126400,601.6300048828125,618.219970703125,601.6300048828125,609.469970703125,3093900
1715212800,614.4000244140625,615.719970703125,605.75,612.0900268554688,2065400
1715299200,619.0,623.97998046875,605.0599975585938,610.8699951171875,2653600
1715558400,614.2999877929688,618.219970703125,606.8300170898438,616.5900268554688,2086200
1715644800,615.1699829101562,621.47998046875,608.4000244140625,613.6599731445312,2792400
1715731200,618.5700073242188,624.0999755859375,609.0999755859375,613.52001953125,5670600
1715817600,615.75,618.3400268554688,609.0900268554688,610.52001953125,3056400
1715904000,617.0,625.7899780273438,614.7100219726562,621.0999755859375,3782700
1716163200,620.4000244140625,644.3699951171875,619.52001953125,640.8200073242188,3857900
1716249600,636.760009765625,650.8800048828125,634.219970703125,650.6099853515625,2920200
1716336000,647.1400146484375,649.25,638.1199951171875,640.469970703125,2176200
1716422400,642.3400268554688,642.7100219726562,630.0,635.6699829101562,2313900
1716508800,639.4000244140625,652.0,637.5999755859375,646.75,2613300
1716854400,647.0499877929688,649.75,643.030029296875,649.0,2609500
1716940800,644.1300048828125,664.25,643.8900146484375,654.6199951171875,3695900
1717027200,653.52001953125,656.489990234375,644.72998046875,647.6599731445312,2393400
1717113600,644.010009765625,648.5800170898438,628.2999877929688,641.6199951171875,4071000
1717372800,645.219970703125,646.780029296875,627.27001953125,633.7899780273438,2323500
1717459200,633.780029296875,635.22998046875,626.4400024414062,631.6199951171875,3008200
1717545600,634.02001953125,651.25,628.25,650.27001953125,2682600
1717632000,644.8900146484375,657.989990234375,644.239990234375,648.52001953125,2466700
1717718400,649.3800048828125,650.4000244140625,640.239990234375,641.469970703125,1876600
1717977600,641.010009765625,644.7899780273438,635.5900268554688,644.5,2066800
1718064000,640.719970703125,650.1900024414062,640.52001953125,648.5499877929688,2167400
1718150400,652.2100219726562,655.780029296875,643.1099853515625,650.0599975585938,2094400
1718236800,644.0,655.25,642.3499755859375,653.260009765625,1863600
1718323200,655.0499877929688,675.5800170898438,652.6400146484375,669.3800048828125,4447100
1718582400,669.1099853515625,682.7100219726562,665.1099853515625,675.8300170898438,3631200
1718668800,675.6300048828125,687.0599975585938,674.6400146484375,685.6699829101562,2943800
1718841600,681.7999877929688,689.8800048828125,673.7202758789062,679.030029296875,2571710
